Plot,Row,Column,Species,CONDITION,F21Health,F21Ht,F22Health,F22Ht,GROWTH
GQ10_1,9,16,TIAM,o,L,58,D,,-58
GQ10_2,15,9,TIAM,c,L,26,D,,-26
GQ3_1,16,15,TIAM,c,L,25,D,,-25
GQ2_1,18,10,TIAM,c,L,24,D,,-24
GQ10_2,5,15,TIAM,o,L,22.5,D,,-22.5
GQ10_2,13,13,TIAM,c,V,22,D,,-22
GQ3_1,5,16,TIAM,o,L,21,D,,-21
GQ3_1,17,13,TIAM,c,L,19,D,,-19
GQ3_1,6,16,TIAM,o,L,19,D,,-19
GQ2_1,14,9,TIAM,o,V,17,D,,-17
GQ3_1,16,12,TIAM,c,L,13,D,,-13
GQ8_2,15,11,TIAM,o,L,6,D,,-6
GQ3_1,10,1,TIAM,o,,,D,,0
GQ2_1,9,5,TIAM,o,,,D,,0
GQ10_1,9,7,TIAM,o,L,22,L,9,0
GQ10_2,11,4,TIAM,o,L,29.3,L,17,0
GQ3_1,10,13,TIAM,o,L,21,L,11,0
GQ3_1,8,13,TIAM,o,L,25,L,16,0
GQ3_2,13,16,TIAM,c,L,30,L,22,0
GQ8_2,13,1,TIAM,o,L,48.5,L,41,0
GQ10_2,4,13,TIAM,o,L,41,L,34,0
GQ3_1,15,4,TIAM,c,L,23,L,16,0
GQ3_2,5,16,TIAM,o,L,33.5,L,27,0
GQ8_2,16,5,TIAM,o,L,44,L,39,0
GQ3_1,11,5,TIAM,c,L,38,L,34,0
GQ2_2,8,1,TIAM,o,L,19,L,15,0
GQ2_1,14,11,TIAM,o,L,18,L,15,0
GQ8_2,4,13,TIAM,o,L,23,L,21,0
GQ8_1,7,9,TIAM,o,L,33,L,31,0
GQ10_2,17,9,TIAM,o,L,28,L,27,0
GQ3_1,9,4,TIAM,c,L,29,L,28,0
GQ8_2,7,5,TIAM,o,L,33.5,L,33,0
GQ8_1,5,16,TIAM,c,L,30.1,L,30,0
GQ3_2,10,10,TIAM,c,L,28,L,28,0
GQ3_1,11,2,TIAM,o,L,20,L,20,0
GQ2_1,12,17,TIAM,o,L,21,L,21,0
GQ8_1,10,17,TIAM,o,V,30,L,30,0
GQ2_2,2,17,TIAM,o,L,29.5,L,30,0.5
GQ10_2,6,15,TIAM,c,L,30,L,31,1
GQ3_2,13,6,TIAM,c,L,17,L,18,1
GQ3_2,12,9,TIAM,o,L,21,L,22,1
GQ2_2,6,2,TIAM,c,L,23,L,24,1
GQ2_2,13,15,TIAM,c,L,29,L,30,1
GQ8_1,10,3,TIAM,o,L,20,L,21.5,1.5
GQ8_1,12,1,TIAM,c,L,30,L,32,2
GQ8_1,8,2,TIAM,o,L,35,L,37,2
GQ8_1,11,11,TIAM,c,L,23,L,25,2
GQ3_2,12,17,TIAM,o,L,27,L,29,2
GQ3_1,8,5,TIAM,o,L,16,L,18,2
GQ3_1,13,13,TIAM,c,L,26,L,28,2
GQ2_1,3,6,TIAM,c,L,24,L,26,2
GQ2_2,2,3,TIAM,c,L,22,L,24,2
GQ2_2,9,19,TIAM,o,L,33.5,L,36,2.5
GQ10_2,4,7,TIAM,c,L,23.2,L,26,2.8
GQ10_2,2,9,TIAM,c,L,27,L,30,3
GQ10_2,7,1,TIAM,o,L,27,L,30,3
GQ8_1,9,4,TIAM,o,L,21,L,24,3
GQ8_1,10,7,TIAM,c,L,22,L,25,3
GQ3_2,8,10,TIAM,c,L,23,L,26,3
GQ10_1,6,10,TIAM,o,V,26,L,29,3
GQ8_1,5,4,TIAM,o,L,29.5,L,33,3.5
GQ3_2,4,13,TIAM,c,L,22.1,L,26,3.9
GQ10_1,14,5,TIAM,c,L,26,L,30,4
GQ10_1,14,7,TIAM,o,L,18,L,22,4
GQ10_2,11,5,TIAM,o,L,38,L,42,4
GQ8_2,14,17,TIAM,o,L,25,L,29,4
GQ3_1,12,2,TIAM,o,L,27,L,31,4
GQ3_1,14,12,TIAM,o,L,16,L,20,4
GQ2_1,2,10,TIAM,o,L,20,L,24,4
GQ10_1,8,4,TIAM,o,L,29.5,L,34,4.5
GQ2_1,18,7,TIAM,c,L,17,L,21.5,4.5
GQ10_2,12,6,TIAM,o,L,30,L,35,5
GQ8_1,9,8,TIAM,o,L,31,L,36,5
GQ8_1,3,8,TIAM,o,L,30,L,35,5
GQ8_1,9,18,TIAM,c,L,25,L,30,5
GQ3_1,14,5,TIAM,o,L,22,L,27,5
GQ2_1,8,1,TIAM,c,L,26,L,31,5
GQ2_2,3,2,TIAM,o,L,29,L,34,5
GQ2_2,8,5,TIAM,o,L,25,L,30,5
GQ2_2,3,7,TIAM,o,L,26,L,31,5
GQ10_2,10,18,TIAM,o,V,16,L,21,5
GQ2_1,11,8,TIAM,o,L,19.8,L,25,5.2
GQ10_1,5,10,TIAM,o,L,14.5,L,20,5.5
GQ8_1,16,4,TIAM,o,L,29.5,L,35,5.5
GQ2_2,11,19,TIAM,c,L,30.5,L,36,5.5
GQ10_1,14,9,TIAM,c,V,19.5,L,25,5.5
GQ2_2,12,17,TIAM,c,V,27.5,L,33,5.5
GQ2_2,3,17,TIAM,c,L,32.4,L,38,5.6
GQ10_1,3,8,TIAM,o,L,29,L,35,6
GQ10_2,7,10,TIAM,c,L,17,L,23,6
GQ3_1,9,1,TIAM,c,L,27,L,33,6
GQ3_1,18,8,TIAM,c,L,27,L,33,6
GQ2_1,6,4,TIAM,o,L,25,L,31,6
GQ2_1,12,10,TIAM,o,L,15,L,21,6
GQ3_2,1,12,TIAM,c,L,19.8,L,26,6.2
GQ8_1,8,18,TIAM,c,L,29.7,L,36,6.3
GQ10_1,7,3,TIAM,c,L,28.5,L,35,6.5
GQ2_2,10,9,TIAM,c,L,24.5,L,31,6.5
GQ3_2,7,13,TIAM,o,L,21.4,L,28,6.6
GQ10_2,6,3,TIAM,o,L,49,L,56,7
GQ8_2,7,3,TIAM,o,L,26,L,33,7
GQ8_1,7,6,TIAM,c,L,29,L,36,7
GQ8_1,5,13,TIAM,o,L,34,L,41,7
GQ3_1,12,1,TIAM,o,L,35,L,42,7
GQ3_1,5,4,TIAM,c,L,20,L,27,7
GQ10_1,10,6,TIAM,o,V,13,L,20,7
GQ10_1,11,10,TIAM,c,V,24.5,L,32,7.5
GQ10_2,11,7,TIAM,c,L,34,L,42,8
GQ10_2,17,6,TIAM,c,L,29,L,37,8
GQ8_2,5,6,TIAM,c,L,33,L,41,8
GQ3_1,13,1,TIAM,c,L,24,L,32,8
GQ3_1,4,13,TIAM,c,L,23,L,31,8
GQ2_1,15,16,TIAM,o,L,5,L,13,8
GQ2_2,9,3,TIAM,o,L,12,L,20,8
GQ3_1,16,1,TIAM,o,V,8,L,16,8
GQ3_2,8,1,TIAM,c,L,29.8,L,38,8.2
GQ8_2,6,4,TIAM,o,L,16,L,24.5,8.5
GQ10_1,11,12,TIAM,c,L,21,L,30,9
GQ10_2,4,5,TIAM,c,L,29,L,38,9
GQ10_2,16,5,TIAM,o,L,33,L,42,9
GQ8_1,15,3,TIAM,o,L,29,L,38,9
GQ8_1,11,4,TIAM,o,L,29,L,38,9
GQ8_1,6,4,TIAM,o,L,34,L,43,9
GQ8_1,9,6,TIAM,c,L,31,L,40,9
GQ2_1,4,10,TIAM,c,L,26,L,35,9
GQ8_1,12,17,TIAM,c,L,7.9,L,17,9.1
GQ8_1,4,9,TIAM,c,L,34.8,L,44,9.2
GQ10_1,13,8,TIAM,o,L,25,L,35,10
GQ8_2,15,8,TIAM,c,L,34,L,44,10
GQ8_2,17,10,TIAM,o,L,26,L,36,10
GQ8_2,9,18,TIAM,c,L,21,L,31,10
GQ8_1,15,7,TIAM,o,L,21,L,31,10
GQ3_2,15,8,TIAM,o,L,23,L,33,10
GQ3_2,8,15,TIAM,c,L,15,L,25,10
GQ2_2,9,12,TIAM,c,L,19,L,29,10
GQ2_2,4,15,TIAM,o,V,20,L,30,10
GQ2_2,7,11,TIAM,o,L,46.5,L,57,10.5
GQ10_1,14,3,TIAM,o,L,22,L,33,11
GQ10_1,13,6,TIAM,o,L,19,L,30,11
GQ8_2,9,4,TIAM,c,L,36,L,47,11
GQ10_1,5,13,TIAM,c,V,24,L,35,11
GQ3_2,10,1,TIAM,o,L,31.7,L,43,11.3
GQ10_2,13,17,TIAM,o,L,18.5,L,30,11.5
GQ10_1,12,2,TIAM,o,L,35.2,L,47,11.8
GQ10_2,7,13,TIAM,c,L,38,L,50,12
GQ10_2,8,1,TIAM,o,L,41,L,53,12
GQ10_2,10,11,TIAM,c,L,31,L,43,12
GQ10_1,14,4,TIAM,c,L,25.5,L,38,12.5
GQ8_2,16,7,TIAM,c,L,45,L,58,13
GQ8_1,13,17,TIAM,c,V,9,L,22,13
GQ10_2,14,15,TIAM,o,L,28,L,42,14
GQ8_2,8,3,TIAM,o,L,38,L,52,14
GQ8_2,11,7,TIAM,o,L,26,L,40,14
GQ2_1,6,6,TIAM,c,L,23,L,37,14
GQ10_2,10,3,TIAM,o,L,30,L,45,15
GQ2_2,1,10,TIAM,c,L,20,L,35,15
GQ2_2,11,18,TIAM,o,L,21.6,L,37,15.4
GQ2_2,9,6,TIAM,o,L,29.5,L,45,15.5
GQ8_1,7,11,TIAM,c,L,26,L,42,16
GQ3_1,10,2,TIAM,c,L,23,L,39,16
GQ3_1,7,5,TIAM,c,L,24,L,40,16
GQ2_2,2,13,TIAM,c,L,34,L,50,16
GQ8_2,4,7,TIAM,c,L,20,L,37,17
GQ2_2,6,12,TIAM,c,L,38,L,55,17
GQ10_1,16,8,TIAM,c,V,26,L,43,17
GQ2_2,14,9,TIAM,o,L,27.8,L,45,17.2
GQ2_2,1,7,TIAM,c,L,27.6,L,45,17.4
GQ8_1,7,17,TIAM,c,L,29.5,L,47,17.5
GQ3_2,10,3,TIAM,c,L,19,L,37,18
GQ8_2,9,14,TIAM,c,L,15,L,34,19
GQ3_1,6,4,TIAM,o,L,16,L,35,19
GQ3_1,2,9,TIAM,c,L,21,L,40,19
GQ3_1,6,11,TIAM,c,L,21,L,40,19
GQ10_2,13,15,TIAM,c,L,25,L,45,20
GQ8_2,6,6,TIAM,c,L,30,L,50,20
GQ8_1,10,15,TIAM,c,L,13,L,33,20
GQ3_2,10,12,TIAM,c,L,35,L,55,20
GQ10_2,7,8,TIAM,c,L,30,L,51,21
GQ10_2,14,5,TIAM,o,L,52,L,73,21
GQ8_2,11,15,TIAM,c,L,51,L,72,21
GQ2_1,15,12,TIAM,c,L,25.5,L,47,21.5
GQ8_2,13,10,TIAM,c,L,30,L,52,22
GQ10_1,11,18,TIAM,c,L,32,L,55,23
GQ3_1,3,5,TIAM,c,L,28,L,51,23
GQ2_2,14,15,TIAM,c,L,20,L,43,23
GQ3_2,14,9,TIAM,c,L,30.9,L,54,23.1
GQ2_2,12,3,TIAM,o,L,25.5,L,49,23.5
GQ10_2,6,7,TIAM,c,L,31.4,L,55,23.6
GQ8_2,3,14,TIAM,c,L,28,L,52,24
GQ2_2,16,10,TIAM,c,L,23,L,48,25
GQ8_2,7,18,TIAM,c,L,23,L,48.5,25.5
GQ8_2,14,3,TIAM,o,L,33,L,59,26
GQ8_1,8,11,TIAM,c,L,34,L,60,26
GQ8_1,12,11,TIAM,o,L,27,L,53,26
GQ2_2,9,17,TIAM,c,L,21,L,47,26
GQ10_1,7,7,TIAM,c,L,23,L,50,27
GQ10_2,3,7,TIAM,c,L,23,L,50,27
GQ8_2,4,14,TIAM,c,L,20,L,47,27
GQ8_1,7,5,TIAM,o,L,35,L,62,27
GQ10_2,9,10,TIAM,o,L,40,L,68,28
GQ10_2,18,12,TIAM,c,L,39,L,67,28
GQ8_2,14,14,TIAM,o,L,18,L,46,28
GQ8_1,6,5,TIAM,c,L,42,L,70,28
GQ2_2,12,15,TIAM,c,L,36.8,L,65,28.2
GQ10_2,8,18,TIAM,c,L,40,L,69,29
GQ10_2,14,8,TIAM,o,L,28,L,57,29
GQ8_2,13,7,TIAM,c,L,24,L,53,29
GQ8_2,10,4,TIAM,o,L,39,L,69,30
GQ8_2,4,11,TIAM,o,L,33,L,63,30
GQ10_1,16,14,TIAM,c,L,41.5,L,73,31.5
GQ2_2,8,15,TIAM,o,L,42.5,L,74,31.5
GQ10_1,4,12,TIAM,o,L,36.5,L,69,32.5
GQ2_2,5,9,TIAM,c,L,18,L,51,33
GQ10_1,6,12,TIAM,o,L,28,L,62,34
GQ10_1,11,17,TIAM,c,L,40,L,75,35
GQ10_2,5,3,TIAM,o,L,32,L,67,35
GQ8_1,9,2,TIAM,c,L,37,L,73,36
GQ10_1,11,2,TIAM,o,L,36.5,L,73,36.5
GQ10_1,18,8,TIAM,o,L,26,L,63,37
GQ10_2,17,13,TIAM,o,L,23,L,61,38
GQ10_1,8,15,TIAM,o,L,33.5,L,78,44.5
GQ8_2,8,6,TIAM,c,L,34.5,L,79,44.5
GQ3_2,9,5,TIAM,c,L,28,L,75,47
GQ3_2,1,10,TIAM,c,L,25,L,72,47
GQ8_2,16,12,TIAM,c,L,32,L,81,49
GQ10_1,16,15,TIAM,o,L,32.5,L,82,49.5
GQ8_2,17,6,TIAM,c,L,51,L,101,50
GQ8_1,16,10,TIAM,o,L,32,L,82,50
GQ8_2,12,15,TIAM,o,L,29,L,80,51
GQ8_1,12,13,TIAM,c,L,28,L,79,51
GQ10_1,9,10,TIAM,c,L,19.5,L,72,52.5
GQ10_1,8,7,TIAM,o,L,31.5,L,85,53.5
GQ10_1,7,15,TIAM,c,L,36,L,90,54
GQ8_2,11,5,TIAM,c,L,40,L,94,54
GQ10_1,7,5,TIAM,c,L,36,L,91,55
GQ10_1,4,5,TIAM,c,L,35,L,92,57
GQ2_2,6,15,TIAM,o,L,21,L,78,57
GQ2_2,6,5,TIAM,c,L,29.5,L,87,57.5
GQ3_2,8,4,TIAM,o,L,26,L,85,59
GQ8_1,17,11,TIAM,c,L,37.9,L,104,66.1
GQ8_2,15,9,TIAM,c,L,48,L,120,72
GQ10_1,12,17,TIAM,c,L,35,L,173,138
GQ8_2,17,11,TIAM,o,L,21,MIA,,-21
GQ8_2,6,9,TIAM,o,L,18,MIA,,-18
GQ3_2,5,5,TIAM,o,V,8,MIA,,-8
GQ3_2,9,13,TIAM,o,L,35,V,,0
GQ3_2,16,12,TIAM,o,L,31.3,V,9,0
GQ3_2,15,10,TIAM,o,L,32.6,V,18,0
GQ2_1,4,16,TIAM,c,L,27,V,18,0
GQ3_2,5,4,TIAM,c,V,12,V,8,0
GQ3_2,17,9,TIAM,o,L,16.7,V,14,0
GQ10_2,8,15,TIAM,o,L,22,V,20,0
GQ2_1,4,8,TIAM,c,L,25,V,23,0
GQ2_2,13,9,TIAM,c,L,21,V,19,0
GQ2_1,9,7,TIAM,o,L,33.5,V,32,0
GQ2_1,1,9,TIAM,c,L,31,V,30,0
GQ2_1,15,11,TIAM,c,L,31,V,30,0
GQ2_2,12,5,TIAM,o,L,9,V,8,0
GQ2_1,8,6,TIAM,c,V,23,V,22,0
GQ2_1,9,13,TIAM,o,V,20.4,V,20,0
GQ3_2,1,14,TIAM,c,L,18,V,18,0
GQ3_2,15,15,TIAM,c,L,30,V,30,0
GQ2_1,7,2,TIAM,o,L,6,V,6,0
GQ2_1,4,5,TIAM,c,L,26,V,26,0
GQ2_1,10,10,TIAM,o,L,14,V,14,0
GQ3_1,17,12,TIAM,o,L,5.5,V,6,0.5
GQ2_1,12,8,TIAM,c,L,29.5,V,30,0.5
GQ3_1,18,7,TIAM,c,L,19,V,20,1
GQ3_2,17,10,TIAM,o,V,6.8,V,8,1.2
GQ2_1,11,2,TIAM,o,L,29,V,30.5,1.5
GQ3_1,17,9,TIAM,o,L,29,V,32,3
GQ3_1,16,10,TIAM,o,L,13,V,16,3
GQ2_1,16,9,TIAM,c,L,26,V,29,3
GQ2_1,6,5,TIAM,o,L,32.5,V,36,3.5
GQ2_1,4,7,TIAM,o,L,27,V,31,4
GQ2_1,13,9,TIAM,c,V,22,V,26,4
GQ3_2,11,1,TIAM,c,L,33.7,V,38,4.3
GQ3_2,16,10,TIAM,o,V,6.8,V,12,5.2
GQ2_1,12,12,TIAM,c,L,26.5,V,32,5.5
GQ3_2,9,3,TIAM,o,L,14,V,20,6
GQ3_2,18,9,TIAM,o,L,21.4,V,28,6.6
GQ3_2,11,16,TIAM,o,L,14,V,21,7
GQ3_1,3,11,TIAM,o,L,23,V,30,7
GQ2_1,15,4,TIAM,o,L,26,V,33,7
GQ10_1,14,10,TIAM,c,V,26,V,33,7
GQ2_1,7,13,TIAM,c,V,22,V,30,8
GQ3_2,10,4,TIAM,o,L,26.5,V,35,8.5
GQ2_1,1,11,TIAM,o,L,30,V,39,9
GQ2_2,4,3,TIAM,c,V,16.5,V,27,10.5
GQ2_1,11,12,TIAM,c,L,21.1,V,33,11.9
GQ3_1,11,16,TIAM,o,L,25,V,38,13
GQ3_2,12,10,TIAM,o,L,31.5,V,45,13.5
GQ10_2,2,7,TIAM,c,L,24,V,38,14
GQ3_2,13,4,TIAM,c,L,23,V,39,16
GQ3_1,11,7,TIAM,o,L,24,V,41,17
GQ3_2,4,11,TIAM,o,L,14.7,V,35,20.3
GQ8_2,10,9,TIAM,o,L,22,V,43,21
GQ2_2,5,5,TIAM,o,L,26,V,57,31
GQ10_2,3,14,QURU,o,L,20,D,,-20
GQ8_2,18,7,QURU,o,V,19.5,D,,-19.5
GQ10_1,12,4,QURU,c,V,18,D,,-18
GQ10_1,4,16,QURU,o,L,12,D,,-12
GQ3_2,7,16,QURU,c,V,10,D,,-10
GQ8_1,5,17,QURU,o,L,20.5,D,20,-0.5
GQ10_1,15,6,QURU,o,,,D,,0
GQ8_2,5,3,QURU,o,,,D,,0
GQ10_2,17,12,QURU,o,L,26,L,10,0
GQ3_2,11,3,QURU,o,L,32,L,18,0
GQ2_2,12,13,QURU,o,V,21,L,11,0
GQ3_1,16,9,QURU,o,L,26,L,18,0
GQ2_1,9,4,QURU,o,L,18,L,12,0
GQ8_1,6,14,QURU,c,V,34,L,28,0
GQ8_2,11,18,QURU,o,L,20,L,15.5,0
GQ3_1,9,2,QURU,c,L,29,L,25,0
GQ10_1,5,5,QURU,o,L,36,L,33,0
GQ10_2,14,6,QURU,c,L,36,L,33,0
GQ8_1,10,4,QURU,c,L,23,L,20,0
GQ8_1,6,7,QURU,c,L,28,L,25,0
GQ10_2,3,12,QURU,c,L,26,L,24,0
GQ8_2,1,11,QURU,o,L,14,L,12,0
GQ3_1,15,1,QURU,o,L,28,L,26,0
GQ3_1,10,18,QURU,o,L,34,L,32,0
GQ2_1,13,12,QURU,c,L,21.8,L,20,0
GQ8_1,3,11,QURU,o,L,30.6,L,29,0
GQ2_2,1,5,QURU,o,L,24.5,L,23,0
GQ3_2,9,14,QURU,o,L,32,L,31,0
GQ2_1,17,12,QURU,c,L,30,L,29,0
GQ10_1,9,5,QURU,o,L,23.5,L,23,0
GQ3_2,3,11,QURU,c,L,29.4,L,29,0
GQ10_1,17,7,QURU,c,L,21,L,21,0
GQ10_1,8,18,QURU,c,L,21,L,21,0
GQ10_2,12,5,QURU,o,L,31.5,L,31.5,0
GQ10_2,13,12,QURU,o,L,22,L,22,0
GQ10_2,15,3,QURU,o,L,29,L,29,0
GQ8_2,3,12,QURU,o,L,24,L,24,0
GQ8_1,13,4,QURU,o,L,17,L,17,0
GQ10_1,17,13,QURU,c,L,21,L,22,1
GQ8_2,8,16,QURU,o,L,28,L,29,1
GQ8_1,8,3,QURU,c,L,29,L,30,1
GQ8_1,11,5,QURU,o,L,13,L,14,1
GQ8_1,4,6,QURU,c,L,27,L,28,1
GQ3_1,14,3,QURU,o,L,12,L,13,1
GQ2_2,6,3,QURU,o,L,14,L,15,1
GQ2_2,5,14,QURU,c,L,31,L,32,1
GQ10_1,15,11,QURU,o,V,16,L,17,1
GQ10_2,7,5,QURU,c,L,25.2,L,27,1.8
GQ10_1,15,8,QURU,c,L,26,L,28,2
GQ10_2,13,2,QURU,o,L,27,L,29,2
GQ8_2,15,7,QURU,o,L,20,L,22,2
GQ3_2,16,4,QURU,c,L,20,L,22,2
GQ3_2,8,14,QURU,c,L,30,L,32,2
GQ2_1,14,4,QURU,o,L,29,L,31,2
GQ2_1,7,4,QURU,o,L,20,L,22,2
GQ2_1,11,10,QURU,o,L,31,L,33,2
GQ2_1,8,11,QURU,o,L,23,L,25,2
GQ2_1,10,17,QURU,o,L,21,L,23,2
GQ2_2,12,4,QURU,o,L,22,L,24,2
GQ8_1,5,14,QURU,o,V,17,L,19,2
GQ3_2,12,1,QURU,o,L,23.4,L,26,2.6
GQ10_2,8,3,QURU,o,L,17.3,L,20,2.7
GQ8_1,4,12,QURU,o,L,18.3,L,21,2.7
GQ8_1,15,4,QURU,c,L,19,L,22,3
GQ3_2,14,17,QURU,c,L,17,L,20,3
GQ2_1,15,3,QURU,c,L,14,L,17,3
GQ2_1,1,8,QURU,c,L,23,L,26,3
GQ2_1,8,17,QURU,o,L,25,L,28,3
GQ2_2,1,4,QURU,c,L,18,L,21,3
GQ3_2,11,2,QURU,o,L,22.9,L,26,3.1
GQ3_2,13,9,QURU,c,L,17.9,L,21,3.1
GQ10_1,5,17,QURU,o,L,22.5,L,26,3.5
GQ8_1,14,2,QURU,o,L,14.5,L,18,3.5
GQ3_1,11,18,QURU,c,L,29.5,L,33,3.5
GQ10_1,6,6,QURU,o,L,18,L,22,4
GQ10_1,16,7,QURU,c,L,24,L,28,4
GQ10_1,18,11,QURU,o,L,16,L,20,4
GQ10_2,2,10,QURU,c,L,22,L,26,4
GQ10_2,12,16,QURU,o,L,20,L,24,4
GQ8_2,12,2,QURU,o,L,30,L,34,4
GQ8_2,4,5,QURU,c,L,15,L,19,4
GQ8_2,3,13,QURU,c,L,19,L,23,4
GQ8_1,7,7,QURU,c,L,26,L,30,4
GQ3_2,4,4,QURU,o,L,17,L,21,4
GQ3_2,2,7,QURU,c,L,20,L,24,4
GQ3_1,14,6,QURU,o,L,16,L,20,4
GQ3_1,17,8,QURU,o,L,13,L,17,4
GQ2_1,7,1,QURU,o,L,14,L,18,4
GQ2_1,5,2,QURU,c,L,17,L,21,4
GQ8_1,7,14,QURU,c,V,19,L,23,4
GQ2_1,16,6,QURU,c,L,13.5,L,18,4.5
GQ2_1,6,14,QURU,c,L,25.5,L,30,4.5
GQ8_1,5,9,QURU,c,L,22,L,27,5
GQ2_1,11,4,QURU,c,L,11,L,16,5
GQ2_1,2,6,QURU,c,L,21,L,26,5
GQ2_1,7,7,QURU,o,L,18,L,23,5
GQ2_1,16,7,QURU,c,L,29,L,34,5
GQ10_1,8,6,QURU,c,L,19,L,25,6
GQ10_1,17,12,QURU,c,L,26,L,32,6
GQ10_2,2,16,QURU,c,L,27,L,33,6
GQ10_2,7,11,QURU,c,L,23,L,29,6
GQ10_2,9,17,QURU,c,L,26,L,32,6
GQ10_1,14,13,QURU,o,L,20.5,L,27,6.5
GQ8_1,13,13,QURU,o,L,28.5,L,35,6.5
GQ8_2,10,10,QURU,c,L,21,L,28,7
GQ8_1,5,11,QURU,o,L,17,L,24,7
GQ8_1,3,12,QURU,o,L,14,L,21,7
GQ3_1,10,3,QURU,c,L,28,L,35,7
GQ3_1,7,9,QURU,o,L,27,L,34,7
GQ10_2,14,16,QURU,c,L,20,L,28,8
GQ3_2,4,6,QURU,c,L,13,L,21,8
GQ3_1,7,3,QURU,c,L,18,L,26,8
GQ2_1,14,5,QURU,o,L,17,L,25,8
GQ2_2,9,4,QURU,c,L,26,L,34,8
GQ2_2,4,4,QURU,o,L,21,L,29,8
GQ2_2,7,15,QURU,o,L,30,L,38,8
GQ8_2,15,13,QURU,c,V,20,L,28,8
GQ10_1,16,6,QURU,o,L,23.5,L,32,8.5
GQ3_2,17,7,QURU,c,L,20.5,L,29,8.5
GQ2_1,9,15,QURU,o,L,13.5,L,22,8.5
GQ10_1,16,13,QURU,o,L,21,L,30,9
GQ10_1,5,16,QURU,c,L,14,L,23,9
GQ2_1,8,4,QURU,c,L,20,L,29,9
GQ2_1,16,16,QURU,o,L,17,L,26,9
GQ2_1,9,16,QURU,o,L,23,L,32,9
GQ2_2,11,9,QURU,c,L,12,L,21,9
GQ3_1,11,1,QURU,c,V,17,L,26,9
GQ2_1,10,14,QURU,o,V,17.8,L,27,9.2
GQ10_1,9,2,QURU,c,L,25,L,35,10
GQ10_1,16,5,QURU,c,L,17,L,27,10
GQ10_2,15,15,QURU,o,L,30,L,40,10
GQ3_1,7,13,QURU,o,L,38,L,48,10
GQ2_2,5,16,QURU,c,L,33,L,43,10
GQ2_1,8,8,QURU,o,L,21.8,L,32,10.2
GQ10_1,9,18,QURU,c,L,15.5,L,26,10.5
GQ10_1,13,10,QURU,c,L,22,L,33,11
GQ10_1,10,14,QURU,o,L,14,L,25,11
GQ8_2,12,17,QURU,o,L,22,L,33,11
GQ8_1,6,3,QURU,c,L,29,L,40,11
GQ8_1,15,6,QURU,c,L,8,L,19,11
GQ8_1,14,10,QURU,o,L,22,L,33,11
GQ3_1,16,2,QURU,c,L,21,L,32,11
GQ3_1,5,6,QURU,c,L,22,L,33,11
GQ2_1,16,14,QURU,o,L,19,L,30,11
GQ2_2,10,13,QURU,o,L,16.5,L,28,11.5
GQ2_2,7,14,QURU,o,L,35.5,L,47,11.5
GQ8_1,13,2,QURU,o,L,16,L,28,12
GQ3_1,15,3,QURU,c,L,18,L,30,12
GQ2_1,17,16,QURU,c,L,25,L,37,12
GQ8_2,10,7,QURU,o,L,22.5,L,35,12.5
GQ8_1,6,6,QURU,o,L,23.5,L,36,12.5
GQ10_1,9,13,QURU,o,L,9,L,22,13
GQ10_1,7,16,QURU,c,L,26,L,39,13
GQ8_2,6,5,QURU,o,L,16,L,29,13
GQ8_1,11,17,QURU,o,L,12,L,25,13
GQ2_1,17,11,QURU,o,L,14,L,27,13
GQ10_2,3,8,QURU,c,L,26,L,40,14
GQ3_2,11,18,QURU,o,L,20,L,34,14
GQ2_2,12,11,QURU,c,L,17,L,31,14
GQ3_2,9,11,QURU,o,L,22.8,L,37,14.2
GQ10_1,12,12,QURU,c,L,15,L,30,15
GQ10_2,17,11,QURU,c,L,17,L,32,15
GQ8_2,13,13,QURU,o,L,18,L,33,15
GQ3_1,13,7,QURU,c,L,21,L,36,15
GQ3_2,8,8,QURU,c,L,14.7,L,30,15.3
GQ8_1,5,5,QURU,c,L,27,L,43,16
GQ3_2,12,3,QURU,c,L,22,L,38,16
GQ2_2,11,4,QURU,c,L,22,L,38,16
GQ2_2,8,19,QURU,c,L,15,L,31,16
GQ10_1,5,6,QURU,c,L,23.5,L,40,16.5
GQ10_1,17,9,QURU,c,L,25,L,42,17
GQ8_2,8,12,QURU,c,L,22,L,39,17
GQ8_2,11,17,QURU,c,L,22,L,39,17
GQ3_1,16,7,QURU,c,L,19,L,36,17
GQ8_2,17,8,QURU,c,L,29.5,L,47,17.5
GQ10_2,14,14,QURU,o,L,23,L,41,18
GQ8_2,15,3,QURU,c,L,13,L,31,18
GQ3_2,5,14,QURU,o,L,18.5,L,37,18.5
GQ8_2,7,14,QURU,c,L,25,L,44,19
GQ3_1,11,11,QURU,c,L,17,L,36,19
GQ2_2,8,7,QURU,o,L,25,L,44,19
GQ2_1,18,9,QURU,c,L,15,L,35,20
GQ8_2,9,3,QURU,c,L,29,L,50,21
GQ8_1,15,14,QURU,c,L,20,L,41,21
GQ10_2,5,4,QURU,o,L,24.8,L,46,21.2
GQ2_1,6,7,QURU,c,L,18.5,L,40,21.5
GQ2_2,7,19,QURU,o,L,17.5,L,39,21.5
GQ8_1,13,10,QURU,c,L,28,L,50,22
GQ3_1,9,14,QURU,o,L,15,L,37,22
GQ2_1,14,14,QURU,c,L,22,L,44,22
GQ3_2,6,8,QURU,o,L,21,L,44,23
GQ2_1,12,16,QURU,o,L,14,L,37,23
GQ8_1,10,10,QURU,c,L,15.5,L,39,23.5
GQ3_1,9,5,QURU,o,L,20,L,44,24
GQ3_1,18,10,QURU,c,L,20,L,44,24
GQ2_1,5,7,QURU,o,L,19,L,43,24
GQ8_1,9,13,QURU,c,L,27,L,52,25
GQ3_1,6,5,QURU,c,L,19,L,44,25
GQ10_2,3,16,QURU,o,L,24.6,L,50,25.4
GQ3_2,8,2,QURU,o,L,33.2,L,59,25.8
GQ8_2,9,11,QURU,c,L,17,L,43,26
GQ8_2,15,14,QURU,c,L,15,L,41,26
GQ2_1,10,8,QURU,o,L,18.5,L,45,26.5
GQ8_1,18,10,QURU,o,L,24.4,L,51,26.6
GQ10_1,10,15,QURU,o,L,22,L,49,27
GQ8_2,14,2,QURU,o,L,36,L,63,27
GQ3_2,14,6,QURU,c,L,13,L,40,27
GQ3_2,7,2,QURU,c,L,22.9,L,50,27.1
GQ10_1,6,15,QURU,c,L,31,L,59,28
GQ8_2,15,12,QURU,o,L,24,L,52,28
GQ3_1,13,10,QURU,c,L,22,L,50,28
GQ8_2,10,14,QURU,c,L,30,L,60,30
GQ8_2,13,15,QURU,c,L,22,L,52,30
GQ3_2,2,9,QURU,c,L,29.5,L,60,30.5
GQ10_2,9,9,QURU,c,L,35,L,66,31
GQ8_2,12,7,QURU,o,L,21,L,52,31
GQ8_1,16,11,QURU,c,L,26,L,57,31
GQ2_2,10,5,QURU,o,L,31,L,62,31
GQ8_1,7,15,QURU,o,L,25.6,L,57,31.4
GQ8_2,9,2,QURU,c,L,24,L,56,32
GQ8_2,8,15,QURU,c,L,18,L,50,32
GQ2_2,4,8,QURU,c,L,30,L,62,32
GQ2_2,1,11,QURU,c,L,23,L,55,32
GQ8_2,13,5,QURU,c,L,26.5,L,59,32.5
GQ2_2,3,6,QURU,c,L,17.5,L,50,32.5
GQ2_2,4,14,QURU,c,L,7.5,L,40,32.5
GQ10_1,5,12,QURU,o,L,15,L,48,33
GQ10_2,9,4,QURU,c,L,20,L,53,33
GQ10_2,15,14,QURU,o,L,17,L,50,33
GQ2_2,8,6,QURU,c,L,24.5,L,58,33.5
GQ3_2,12,12,QURU,c,L,16.3,L,50,33.7
GQ8_1,14,6,QURU,c,L,18,L,52,34
GQ3_2,9,1,QURU,o,L,25,L,59,34
GQ3_2,9,15,QURU,c,L,5,L,39,34
GQ2_1,15,17,QURU,c,L,17,L,51,34
GQ2_2,7,13,QURU,o,L,29,L,63,34
GQ10_1,11,9,QURU,c,L,32.5,L,67,34.5
GQ8_2,14,16,QURU,c,L,27,L,62,35
GQ3_2,2,14,QURU,o,L,18,L,53,35
GQ2_2,5,4,QURU,c,L,37,L,72,35
GQ2_2,3,5,QURU,c,L,28,L,63,35
GQ10_2,12,9,QURU,o,L,56,L,92,36
GQ3_1,14,2,QURU,c,L,15,L,51,36
GQ3_1,3,8,QURU,o,L,23,L,59,36
GQ2_2,2,9,QURU,c,L,16,L,52,36
GQ10_1,7,18,QURU,c,L,30.5,L,67,36.5
GQ10_2,8,17,QURU,c,L,12.4,L,49,36.6
GQ2_2,1,9,QURU,c,L,29,L,67,38
GQ2_1,8,10,QURU,c,L,27,L,66,39
GQ10_1,17,8,QURU,o,L,24,L,64,40
GQ8_1,18,9,QURU,o,L,36,L,76,40
GQ2_2,4,10,QURU,o,L,25,L,66,41
GQ10_2,2,8,QURU,c,L,30.5,L,72,41.5
GQ3_2,12,2,QURU,o,L,30.4,L,72,41.6
GQ3_1,10,9,QURU,c,L,27,L,69,42
GQ2_2,5,19,QURU,o,L,22,L,64,42
GQ10_2,11,9,QURU,c,L,20,L,63,43
GQ3_2,9,10,QURU,o,L,22.2,L,66,43.8
GQ10_2,11,2,QURU,c,L,33,L,78,45
GQ8_1,7,4,QURU,c,L,21,L,66,45
GQ3_1,6,12,QURU,c,L,22,L,67,45
GQ2_2,2,6,QURU,o,L,26.7,L,72,45.3
GQ10_2,10,2,QURU,c,L,28,L,74,46
GQ3_1,6,6,QURU,o,L,23,L,70,47
GQ2_2,2,11,QURU,o,L,32,L,80,48
GQ2_2,9,15,QURU,o,L,32,L,80,48
GQ10_1,13,12,QURU,o,L,20.5,L,70,49.5
GQ3_2,15,4,QURU,o,L,25,L,75,50
GQ2_2,6,9,QURU,o,L,22.5,L,73,50.5
GQ10_2,6,2,QURU,o,L,24,L,77,53
GQ2_1,7,17,QURU,c,L,33,L,86,53
GQ3_2,5,2,QURU,c,L,18.5,L,72,53.5
GQ8_1,15,13,QURU,o,L,25.4,L,80,54.6
GQ10_2,11,15,QURU,o,L,26,L,83,57
GQ2_2,3,9,QURU,c,L,26,L,83,57
GQ10_2,9,13,QURU,o,L,28,L,86,58
GQ10_2,16,6,QURU,c,L,18,L,77,59
GQ8_2,15,5,QURU,o,L,36,L,96,60
GQ8_2,11,3,QURU,c,L,23,L,84,61
GQ2_2,8,11,QURU,o,L,28,L,91,63
GQ10_2,10,4,QURU,c,L,49,L,114,65
GQ2_2,16,8,QURU,o,L,21,L,88,67
GQ2_2,14,11,QURU,c,L,31,L,98,67
GQ3_1,13,9,QURU,o,L,30,L,102,72
GQ10_2,13,4,QURU,o,L,39.5,L,115,75.5
GQ3_1,7,12,QURU,o,L,16,L,96,80
GQ3_1,15,13,QURU,o,L,16,MIA,,-16
GQ3_2,14,4,QURU,o,L,14.5,MIA,,-14.5
GQ10_2,13,10,QURU,o,V,14,MIA,,-14
GQ3_2,18,12,QURU,o,V,23.4,V,10,0
GQ3_1,18,9,QURU,o,L,21,V,16,0
GQ3_1,4,15,QURU,c,L,21,V,19,0
GQ3_2,4,9,QURU,o,L,24,V,23,0
GQ3_1,18,11,QURU,c,L,20,V,19,0
GQ3_1,17,6,QURU,o,V,21,V,20,0
GQ10_1,18,7,QURU,o,L,18,V,18,0
GQ3_2,17,8,QURU,o,L,17,V,17,0
GQ8_1,8,7,QURU,o,L,22,V,24,2
GQ3_2,14,5,QURU,c,L,18,V,20,2
GQ3_1,8,18,QURU,c,L,15,V,17,2
GQ2_1,6,1,QURU,c,L,24,V,26,2
GQ3_2,16,13,QURU,c,L,22.5,V,25,2.5
GQ8_2,9,1,QURU,o,L,17,V,21,4
GQ3_1,2,10,QURU,o,L,12,V,17,5
GQ3_1,12,18,QURU,c,L,41,V,47,6
GQ3_2,17,6,PRSE,o,L,48.5,D,,-48.5
GQ3_2,3,7,PRSE,o,V,30,D,,-30
GQ2_1,2,15,PRSE,o,L,12,D,,-12
GQ10_2,4,6,PRSE,o,,,D,,0
GQ10_2,14,9,PRSE,o,L,85,L,36,0
GQ8_2,15,4,PRSE,c,L,81,L,33,0
GQ10_1,11,1,PRSE,o,L,52,L,19,0
GQ10_2,16,15,PRSE,c,L,84,L,63,0
GQ3_1,13,5,PRSE,c,L,46,L,26,0
GQ2_1,17,6,PRSE,c,L,33.5,L,20,0
GQ3_1,11,15,PRSE,o,L,58,L,49,0
GQ3_2,14,12,PRSE,o,L,54.8,L,46,0
GQ10_2,10,17,PRSE,o,L,73,L,67,0
GQ10_2,11,14,PRSE,o,L,73,L,67,0
GQ3_1,14,14,PRSE,o,L,37,L,31,0
GQ3_1,3,15,PRSE,o,L,39,L,34,0
GQ2_2,4,6,PRSE,c,L,53,L,48,0
GQ10_2,2,6,PRSE,c,V,33,L,28,0
GQ3_1,16,6,PRSE,c,L,27,L,24,0
GQ2_1,5,13,PRSE,o,L,20.2,L,18,0
GQ3_2,5,8,PRSE,c,D,46,L,44,0
GQ2_1,6,15,PRSE,c,L,31.5,L,30,0
GQ3_1,17,2,PRSE,o,L,33,L,32,0
GQ3_1,9,6,PRSE,c,L,55,L,54,0
GQ2_1,5,12,PRSE,o,L,12,L,12,0
GQ3_2,14,16,PRSE,o,V,28,L,28,0
GQ8_1,2,11,PRSE,c,L,33,L,34,1
GQ8_2,10,15,PRSE,c,V,36,L,37,1
GQ3_1,9,16,PRSE,c,L,64,L,66,2
GQ2_1,12,2,PRSE,c,V,19,L,21,2
GQ2_1,13,4,PRSE,o,L,25,L,28,3
GQ2_1,16,5,PRSE,o,L,31,L,34,3
GQ3_2,6,13,PRSE,o,L,38.5,L,42,3.5
GQ2_1,11,1,PRSE,o,V,24.5,L,28,3.5
GQ2_2,6,11,PRSE,o,L,44,L,48,4
GQ2_2,3,18,PRSE,o,L,26,L,30,4
GQ3_2,16,7,PRSE,o,L,50.5,L,55,4.5
GQ2_1,14,7,PRSE,o,L,23.5,L,28,4.5
GQ8_1,3,14,PRSE,o,L,21.4,L,26,4.6
GQ2_1,4,3,PRSE,o,L,14,L,19,5
GQ3_1,14,16,PRSE,c,V,42,L,47,5
GQ8_2,2,6,PRSE,c,L,24.5,L,30,5.5
GQ3_1,16,4,PRSE,c,L,52,L,58,6
GQ3_1,7,14,PRSE,c,L,52,L,58,6
GQ2_1,12,3,PRSE,o,L,29,L,35,6
GQ3_2,16,11,PRSE,c,L,43.8,L,50,6.2
GQ3_1,17,1,PRSE,o,L,34.5,L,41,6.5
GQ10_1,10,16,PRSE,o,L,64,L,71,7
GQ2_1,10,4,PRSE,c,L,24,L,31,7
GQ3_2,6,17,PRSE,c,L,48,L,56,8
GQ3_1,12,5,PRSE,c,L,40,L,48,8
GQ3_1,11,13,PRSE,o,L,44,L,52,8
GQ3_1,10,15,PRSE,o,L,28,L,36,8
GQ3_2,12,15,PRSE,o,L,28,L,37,9
GQ2_1,3,8,PRSE,o,L,24,L,33,9
GQ8_2,7,17,PRSE,c,L,32,L,42,10
GQ3_1,5,5,PRSE,o,L,41,L,51,10
GQ3_1,8,12,PRSE,o,L,73,L,83,10
GQ2_1,7,3,PRSE,o,L,12,L,22,10
GQ2_1,2,13,PRSE,o,L,25,L,35,10
GQ2_2,3,3,PRSE,c,L,54,L,64,10
GQ2_2,10,18,PRSE,c,L,44.5,L,55,10.5
GQ3_2,11,17,PRSE,c,L,50,L,61,11
GQ3_1,7,6,PRSE,o,L,48,L,59,11
GQ3_1,1,11,PRSE,o,L,38,L,49,11
GQ2_1,10,3,PRSE,c,L,16,L,27,11
GQ2_1,7,5,PRSE,c,L,20,L,31,11
GQ8_1,14,9,PRSE,o,L,34.8,L,46,11.2
GQ2_1,3,7,PRSE,c,L,27.5,L,39,11.5
GQ2_1,14,8,PRSE,o,L,35.5,L,47,11.5
GQ8_1,5,7,PRSE,o,L,34,L,46,12
GQ8_1,13,7,PRSE,o,L,36,L,48,12
GQ2_1,14,10,PRSE,c,L,22,L,34,12
GQ2_2,4,17,PRSE,o,L,34,L,47,13
GQ3_1,4,14,PRSE,o,L,38.5,L,52,13.5
GQ10_2,13,14,PRSE,c,L,54,L,68,14
GQ8_2,1,9,PRSE,c,L,35,L,49,14
GQ8_1,12,3,PRSE,c,L,35,L,50,15
GQ3_2,10,2,PRSE,c,L,47,L,62,15
GQ8_1,3,7,PRSE,o,L,22,L,38,16
GQ3_1,12,3,PRSE,o,L,48,L,64,16
GQ2_2,4,5,PRSE,o,L,45,L,61,16
GQ2_1,9,18,PRSE,c,V,16,L,32,16
GQ10_1,18,12,PRSE,c,L,48,L,66,18
GQ2_2,4,18,PRSE,o,L,36,L,54,18
GQ8_1,10,18,PRSE,c,L,35.6,L,54,18.4
GQ3_2,12,8,PRSE,o,L,55.3,L,74,18.7
GQ10_2,15,6,PRSE,c,L,75,L,94,19
GQ8_1,10,2,PRSE,c,L,29,L,48,19
GQ3_1,9,7,PRSE,o,L,45,L,64,19
GQ2_2,2,10,PRSE,o,L,89,L,108,19
GQ3_2,10,16,PRSE,o,L,49.5,L,69,19.5
GQ3_2,6,6,PRSE,c,L,30,L,51,21
GQ3_1,7,11,PRSE,o,L,37,L,58,21
GQ2_1,9,9,PRSE,c,L,29,L,50,21
GQ8_1,11,15,PRSE,c,V,26,L,47,21
GQ10_1,12,10,PRSE,o,L,68,L,90,22
GQ8_2,11,10,PRSE,o,L,67,L,89,22
GQ8_1,13,3,PRSE,c,L,30,L,52,22
GQ8_1,12,6,PRSE,c,L,27,L,49,22
GQ8_1,9,15,PRSE,c,L,45,L,67,22
GQ3_2,2,6,PRSE,c,L,30,L,52,22
GQ8_1,18,8,PRSE,o,L,33,L,56,23
GQ3_1,7,4,PRSE,c,L,26,L,49,23
GQ10_2,12,1,PRSE,o,L,60.6,L,84,23.4
GQ8_2,6,15,PRSE,o,L,19,L,42.5,23.5
GQ3_2,7,12,PRSE,c,L,31.5,L,55,23.5
GQ10_1,3,7,PRSE,c,L,41,L,65,24
GQ10_2,12,3,PRSE,o,L,94,L,118,24
GQ8_2,3,7,PRSE,o,L,22,L,46,24
GQ8_2,4,8,PRSE,o,L,41,L,65,24
GQ8_1,14,8,PRSE,o,L,43,L,67,24
GQ3_2,8,5,PRSE,c,L,28,L,52,24
GQ3_1,16,8,PRSE,o,L,43,L,67,24
GQ8_1,14,3,PRSE,c,V,19,L,43,24
GQ2_1,15,14,PRSE,o,L,33.6,L,58,24.4
GQ8_2,5,17,PRSE,c,L,68,L,93,25
GQ10_2,3,5,PRSE,o,L,114,L,140,26
GQ3_1,14,7,PRSE,o,L,32,L,58,26
GQ3_1,14,9,PRSE,c,L,38,L,64,26
GQ2_1,10,15,PRSE,o,L,30.2,L,57,26.8
GQ3_2,7,5,PRSE,o,L,30,L,57,27
GQ3_2,8,7,PRSE,o,L,68,L,95,27
GQ3_2,9,9,PRSE,o,L,63,L,90,27
GQ3_1,9,11,PRSE,c,L,55,L,82,27
GQ2_2,15,10,PRSE,c,L,46,L,74,28
GQ2_2,7,12,PRSE,c,L,50,L,78,28
GQ8_1,6,9,PRSE,o,L,50.4,L,79,28.6
GQ3_1,12,7,PRSE,c,L,31,L,60,29
GQ2_2,2,16,PRSE,c,L,17,L,46,29
GQ8_2,7,1,PRSE,o,L,49.5,L,79,29.5
GQ8_2,8,1,PRSE,c,L,37,L,67,30
GQ8_1,6,13,PRSE,c,L,20,L,50,30
GQ3_2,6,7,PRSE,c,L,48,L,78,30
GQ2_2,14,16,PRSE,c,L,45,L,75,30
GQ3_2,4,10,PRSE,c,L,51.6,L,82,30.4
GQ3_2,4,15,PRSE,c,L,45,L,76,31
GQ3_1,12,4,PRSE,c,L,41,L,72,31
GQ2_1,8,16,PRSE,o,L,14,L,45,31
GQ3_1,9,3,PRSE,c,L,46,L,78,32
GQ2_2,3,15,PRSE,o,L,56,L,88,32
GQ2_2,9,7,PRSE,o,L,48,L,81,33
GQ2_2,8,12,PRSE,o,L,38,L,71,33
GQ3_2,8,16,PRSE,o,L,45.6,L,79,33.4
GQ8_1,16,9,PRSE,o,L,38.5,L,72,33.5
GQ3_1,15,9,PRSE,c,L,41,L,75,34
GQ3_1,3,12,PRSE,c,L,61,L,95,34
GQ10_1,5,2,PRSE,c,L,40,L,75,35
GQ8_1,4,4,PRSE,c,L,62,L,97,35
GQ3_2,6,5,PRSE,c,L,20,L,55,35
GQ3_2,13,8,PRSE,c,L,59,L,94,35
GQ10_2,9,3,PRSE,o,L,126,L,162,36
GQ10_2,18,7,PRSE,c,L,105,L,142,37
GQ2_1,8,13,PRSE,o,L,30,L,67,37
GQ10_1,15,16,PRSE,o,L,61,L,99,38
GQ10_2,11,10,PRSE,c,L,67.7,L,106,38.3
GQ8_1,16,15,PRSE,o,L,48.7,L,87,38.3
GQ8_2,2,12,PRSE,o,L,27,L,66,39
GQ10_2,10,9,PRSE,c,L,140.5,L,180,39.5
GQ8_1,16,12,PRSE,o,L,41.5,L,81,39.5
GQ10_2,3,6,PRSE,c,L,78,L,118,40
GQ10_2,15,8,PRSE,c,L,62,L,102,40
GQ8_2,5,14,PRSE,c,L,52,L,92,40
GQ2_1,5,10,PRSE,c,L,25,L,65,40
GQ2_2,8,13,PRSE,o,L,65,L,105,40
GQ10_1,10,2,PRSE,o,L,75.5,L,116,40.5
GQ10_1,3,15,PRSE,c,L,35.5,L,76,40.5
GQ2_1,17,14,PRSE,o,L,25.5,L,66,40.5
GQ10_1,2,6,PRSE,c,L,59,L,100,41
GQ10_1,7,10,PRSE,c,L,59,L,100,41
GQ8_2,16,4,PRSE,o,L,37,L,78,41
GQ8_1,17,8,PRSE,o,L,73,L,114,41
GQ2_2,2,12,PRSE,o,L,18.4,L,60,41.6
GQ10_1,10,8,PRSE,o,L,39,L,81,42
GQ10_2,6,4,PRSE,c,L,53,L,95,42
GQ8_1,4,5,PRSE,o,L,29,L,71,42
GQ2_2,8,17,PRSE,c,L,56,L,98,42
GQ3_2,4,5,PRSE,c,L,22,L,66,44
GQ2_1,14,12,PRSE,c,L,49,L,93,44
GQ8_2,15,15,PRSE,c,L,120,L,164.5,44.5
GQ8_1,7,13,PRSE,c,L,26.2,L,71,44.8
GQ10_1,13,11,PRSE,o,L,55,L,100,45
GQ10_1,8,12,PRSE,o,L,104,L,149,45
GQ8_1,12,4,PRSE,c,L,31,L,76,45
GQ3_2,11,8,PRSE,c,L,26.5,L,72,45.5
GQ10_1,15,15,PRSE,o,L,50.5,L,97,46.5
GQ8_1,12,18,PRSE,o,L,33.5,L,80,46.5
GQ10_2,6,6,PRSE,c,L,117,L,164,47
GQ10_2,13,5,PRSE,c,L,88,L,135,47
GQ3_1,8,3,PRSE,c,L,49,L,96,47
GQ2_2,4,12,PRSE,o,L,56,L,103,47
GQ3_2,7,8,PRSE,c,L,52,L,100,48
GQ2_2,9,16,PRSE,c,L,48,L,96,48
GQ10_1,17,10,PRSE,c,L,69,L,118,49
GQ2_1,4,11,PRSE,c,L,26,L,75,49
GQ10_1,9,12,PRSE,o,L,38.5,L,88,49.5
GQ3_2,5,3,PRSE,o,L,26,L,76,50
GQ2_1,6,8,PRSE,c,L,21.5,L,72,50.5
GQ10_2,4,4,PRSE,o,L,118.1,L,169,50.9
GQ10_2,4,3,PRSE,o,L,76,L,127,51
GQ10_1,4,14,PRSE,o,L,68,L,119.5,51.5
GQ2_2,5,13,PRSE,o,L,58,L,110,52
GQ8_1,16,13,PRSE,c,L,44,L,97,53
GQ8_1,11,18,PRSE,o,L,35,L,88,53
GQ2_1,12,9,PRSE,c,L,39,L,92,53
GQ2_2,8,9,PRSE,o,L,39,L,92,53
GQ8_2,8,7,PRSE,c,L,50.9,L,104,53.1
GQ8_2,10,11,PRSE,c,L,91,L,145,54
GQ2_2,2,7,PRSE,o,L,44.5,L,99,54.5
GQ2_1,11,15,PRSE,c,L,35,L,90,55
GQ2_1,14,17,PRSE,c,L,34,L,89,55
GQ10_1,11,4,PRSE,c,L,54,L,110,56
GQ10_1,11,8,PRSE,c,L,63,L,119,56
GQ10_2,5,7,PRSE,c,L,118,L,174,56
GQ10_1,3,13,PRSE,c,L,59.5,L,116,56.5
GQ2_2,3,8,PRSE,c,L,51.5,L,108,56.5
GQ10_1,14,8,PRSE,c,L,55.5,L,113,57.5
GQ8_2,17,9,PRSE,o,L,105.5,L,163,57.5
GQ10_2,10,12,PRSE,o,L,69,L,127,58
GQ8_1,13,8,PRSE,o,L,65.5,L,124,58.5
GQ10_2,9,8,PRSE,o,L,71,L,130,59
GQ10_1,7,14,PRSE,o,L,65,L,125,60
GQ8_1,14,12,PRSE,c,L,32,L,92,60
GQ10_1,16,12,PRSE,o,L,71.5,L,132,60.5
GQ10_2,2,14,PRSE,o,L,77,L,138,61
GQ10_2,4,8,PRSE,o,L,68.8,L,130,61.2
GQ10_2,5,10,PRSE,o,L,86.5,L,148,61.5
GQ10_1,8,10,PRSE,o,L,60,L,122,62
GQ10_2,14,4,PRSE,o,L,62,L,124,62
GQ8_1,12,9,PRSE,c,L,42,L,104,62
GQ8_1,6,12,PRSE,o,L,57.6,L,120,62.4
GQ10_1,11,15,PRSE,c,L,72,L,135,63
GQ8_2,14,4,PRSE,c,L,55,L,118,63
GQ10_1,17,11,PRSE,o,L,58,L,122,64
GQ8_2,8,13,PRSE,c,L,70,L,134,64
GQ8_2,14,5,PRSE,c,L,66.7,L,131,64.3
GQ2_2,10,3,PRSE,c,L,70,L,136,66
GQ10_2,3,11,PRSE,c,L,97,L,164,67
GQ8_1,9,14,PRSE,c,L,35,L,102,67
GQ8_2,14,6,PRSE,o,L,66,L,134,68
GQ2_2,4,11,PRSE,c,L,29.2,L,98,68.8
GQ10_1,14,15,PRSE,o,L,66,L,135,69
GQ2_2,13,13,PRSE,o,L,45.4,L,115,69.6
GQ10_1,13,5,PRSE,o,L,54,L,124,70
GQ10_1,7,6,PRSE,o,L,102,L,172,70
GQ8_2,15,16,PRSE,o,L,100,L,173,73
GQ10_2,15,11,PRSE,c,L,82,L,156,74
GQ10_1,13,16,PRSE,c,L,65,L,141,76
GQ10_1,8,14,PRSE,o,L,122,L,200,78
GQ8_2,9,10,PRSE,o,L,55,L,134,79
GQ10_1,5,4,PRSE,o,L,75.5,L,155,79.5
GQ8_1,9,10,PRSE,o,L,37.5,L,117,79.5
GQ8_2,12,13,PRSE,o,L,100,L,181,81
GQ10_2,18,11,PRSE,c,L,51,L,135,84
GQ2_2,9,5,PRSE,o,L,71,L,155,84
GQ10_2,8,14,PRSE,c,L,86.5,L,172,85.5
GQ10_2,15,12,PRSE,o,L,54,L,140,86
GQ8_2,8,11,PRSE,o,L,51,L,140,89
GQ2_2,5,7,PRSE,o,L,63,L,152,89
GQ10_1,8,8,PRSE,o,L,62.5,L,155,92.5
GQ10_2,10,16,PRSE,c,L,68,L,161,93
GQ2_2,13,10,PRSE,c,L,66,L,160,94
GQ10_1,14,17,PRSE,c,L,68,L,164,96
GQ10_2,8,9,PRSE,o,L,88,L,184,96
GQ8_2,8,9,PRSE,o,L,104,L,200,96
GQ10_1,6,16,PRSE,c,L,55,L,162,107
GQ8_2,10,13,PRSE,c,L,74,L,184.5,110.5
GQ10_2,5,16,PRSE,o,L,81.9,L,200,118.1
GQ8_2,17,7,PRSE,o,L,44.5,L,164,119.5
GQ2_2,13,7,PRSE,c,L,54.5,L,176,121.5
GQ10_2,11,6,PRSE,c,L,13.4,L,184,170.6
GQ3_1,15,15,PRSE,o,L,39,V,9,0
GQ3_1,13,17,PRSE,o,L,19.3,V,16,0
GQ2_2,10,4,PRSE,c,L,43,V,40,0
GQ2_2,6,19,PRSE,c,L,51,V,49,0
GQ2_1,13,2,PRSE,c,L,24,V,24,0
GQ2_2,3,4,PRSE,c,L,42.5,V,45,2.5
GQ3_2,6,10,PRSE,o,L,50,V,53,3
GQ3_2,9,16,PRSE,o,L,38,V,41,3
GQ3_1,12,15,PRSE,c,L,50,V,54,4
GQ2_2,9,1,PRSE,c,V,20.8,V,25,4.2
GQ3_2,15,13,PRSE,o,L,40.5,V,45,4.5
GQ8_1,15,10,PRSE,c,L,50,V,55,5
GQ8_1,7,18,PRSE,o,V,14,V,23,9
GQ10_1,11,3,PRSE,c,V,26.5,V,36,9.5
GQ8_1,9,17,PRSE,c,V,18,V,30,12
GQ10_1,16,4,PRSE,c,L,23,V,37,14
GQ2_1,3,5,PRSE,c,L,18,V,34,16
GQ8_2,4,4,PRSE,c,L,39,V,57,18
GQ8_2,1,10,PRSE,o,L,42,V,66,24
GQ8_2,3,10,PRSE,o,V,23,V,48,25
GQ3_1,3,10,PRSE,c,L,48,V,74,26
GQ8_2,2,9,PRSE,o,V,34,V,60,26
GQ2_1,4,9,PRSE,o,L,19,V,53,34
GQ3_2,12,4,PRSE,o,L,55,V,95,40
GQ3_2,2,10,PRSE,o,L,34.5,V,75,40.5
GQ8_2,5,9,PRSE,c,L,82,V,128,46
GQ3_1,9,17,CADE ,o ,L,18.5,L,26,7.5
GQ3_1,17,11,CADE,c,L,26,D,,-26
GQ10_2,13,3,CADE,c,L,20,D,,-20
GQ10_2,9,15,CADE,c,L,19.8,D,,-19.8
GQ2_1,17,15,CADE,c,V,19.5,D,,-19.5
GQ10_1,4,7,CADE,o,L,17,D,,-17
GQ3_2,7,3,CADE,o,L,17,D,,-17
GQ2_1,17,13,CADE,o,V,15.9,D,,-15.9
GQ2_1,4,6,CADE,o,L,15,D,,-15
GQ10_2,11,16,CADE,o,L,14,D,,-14
GQ10_2,11,18,CADE,o,L,14,D,,-14
GQ3_1,9,12,CADE,c,V,14,D,,-14
GQ2_1,7,16,CADE,o,V,13,D,,-13
GQ10_2,15,17,CADE,o,V,,D,,0
GQ3_2,5,10,CADE,c,L,28,L,25,0
GQ3_2,18,11,CADE,c,L,21,L,18,0
GQ2_1,3,15,CADE,o,L,24,L,21,0
GQ10_1,7,13,CADE,c,L,29,L,27,0
GQ2_2,9,13,CADE,c,L,19,L,17,0
GQ2_2,2,5,CADE,c,L,19.5,L,18,0
GQ2_2,7,5,CADE,c,L,20.5,L,19,0
GQ8_1,13,5,CADE,c,L,11,L,10,0
GQ10_1,1,8,CADE,c,L,30,L,31,1
GQ8_1,1,8,CADE,c,L,15,L,16,1
GQ3_1,15,16,CADE,c,L,21,L,22,1
GQ3_1,14,17,CADE,o,L,23,L,24,1
GQ2_1,4,15,CADE,c,L,17,L,18,1
GQ10_1,9,9,CADE,o,V,17.5,L,20,2.5
GQ3_2,7,14,CADE,o,L,27,L,30,3
GQ10_1,3,6,CADE,c,L,15,L,20,5
GQ8_1,9,3,CADE,c,L,11,L,16,5
GQ3_1,6,15,CADE,c,L,15,L,20,5
GQ2_1,8,3,CADE,c,L,19,L,24,5
GQ10_1,17,5,CADE,c,V,20.5,L,26,5.5
GQ2_1,14,3,CADE,o,L,29,L,35,6
GQ2_1,9,17,CADE,o,L,22,L,28,6
GQ2_1,10,18,CADE,o,L,9,L,15,6
GQ8_1,15,2,CADE,o,L,20,L,27,7
GQ10_2,18,10,CADE,c,V,10,L,17,7
GQ3_2,3,8,CADE,c,L,17,L,25,8
GQ2_2,3,10,CADE,o,L,8,L,16,8
GQ8_2,2,7,CADE,c,L,19.5,L,28,8.5
GQ2_1,1,12,CADE,c,L,10.5,L,19,8.5
GQ3_1,7,17,CADE,o,L,17,L,26,9
GQ2_1,15,5,CADE,c,L,6,L,15,9
GQ8_2,3,6,CADE,c,L,23,L,33,10
GQ8_2,4,17,CADE,c,L,12,L,22,10
GQ8_2,3,9,CADE,c,L,17,L,28,11
GQ3_1,16,14,CADE,c,L,13,L,24,11
GQ2_1,17,7,CADE,o,L,16.4,L,28,11.6
GQ10_1,9,15,CADE,o,L,23,L,35,12
GQ10_2,13,7,CADE,o,L,28,L,40,12
GQ2_1,6,2,CADE,o,L,15,L,27,12
GQ10_1,13,2,CADE,c,L,17,L,30,13
GQ8_2,10,3,CADE,o,L,22,L,35,13
GQ8_2,16,3,CADE,c,L,15,L,28,13
GQ8_2,8,4,CADE,c,L,21,L,34,13
GQ10_2,11,1,CADE,c,L,21.5,L,35,13.5
GQ2_2,7,4,CADE,o,L,15.3,L,29,13.7
GQ8_1,15,5,CADE,o,L,17,L,31,14
GQ2_1,1,7,CADE,c,L,16,L,30,14
GQ2_1,2,8,CADE,c,L,19.5,L,35,15.5
GQ3_1,14,4,CADE,c,L,15,L,31,16
GQ3_1,9,15,CADE,o,L,13,L,29,16
GQ2_2,3,14,CADE,c,L,22,L,38,16
GQ8_1,8,17,CADE,o,L,16,L,33,17
GQ10_1,9,4,CADE,o,L,25,L,43,18
GQ3_1,13,2,CADE,o,L,32,L,50,18
GQ2_1,10,6,CADE,c,L,15,L,33,18
GQ2_2,13,2,CADE,o,L,18.5,L,37,18.5
GQ10_1,14,12,CADE,o,L,22,L,41,19
GQ8_1,13,9,CADE,c,L,28,L,47,19
GQ2_1,4,4,CADE,o,L,14,L,33,19
GQ8_2,2,10,CADE,o,V,19,L,38,19
GQ3_2,11,10,CADE,c,L,10.5,L,30,19.5
GQ8_2,7,6,CADE,o,L,16,L,36,20
GQ8_1,5,2,CADE,c,L,10,L,30,20
GQ3_2,3,5,CADE,c,L,22,L,42,20
GQ3_2,5,6,CADE,c,L,8,L,28,20
GQ2_1,12,18,CADE,o,L,22,L,42,20
GQ2_2,13,4,CADE,c,L,31,L,51,20
GQ10_1,2,8,CADE,c,L,42,L,63,21
GQ8_1,6,16,CADE,o,L,24,L,46,22
GQ2_1,1,10,CADE,o,L,13,L,35,22
GQ8_2,3,4,CADE,c,L,29.5,L,52,22.5
GQ3_1,14,1,CADE,c,V,12,L,35,23
GQ10_1,2,12,CADE,o,L,31,L,55,24
GQ8_1,4,10,CADE,o,L,21,L,45,24
GQ2_2,1,6,CADE,o,L,12,L,36,24
GQ2_2,2,18,CADE,c,V,18,L,42,24
GQ8_1,8,15,CADE,o,V,25.5,L,50,24.5
GQ10_2,6,16,CADE,o,L,25.1,L,50,24.9
GQ10_1,2,9,CADE,o,L,25,L,50,25
GQ10_2,13,6,CADE,o,L,28,L,53,25
GQ8_2,2,8,CADE,c,L,25,L,50,25
GQ3_1,2,12,CADE,c,L,20,L,45,25
GQ3_2,9,17,CADE,o,L,14.5,L,40,25.5
GQ10_1,14,6,CADE,c,L,20,L,46,26
GQ8_1,3,5,CADE,c,L,18,L,44,26
GQ8_1,6,15,CADE,c,L,22,L,48,26
GQ3_2,12,6,CADE,o,L,20,L,46,26
GQ3_2,7,10,CADE,c,L,28,L,54,26
GQ3_1,5,7,CADE,c,L,40,L,66,26
GQ2_2,14,14,CADE,c,L,24,L,50,26
GQ8_2,17,5,CADE,c,L,65.5,L,92,26.5
GQ10_2,17,8,CADE,o,L,19,L,46,27
GQ3_2,12,16,CADE,c,L,19,L,46,27
GQ3_2,4,16,CADE,c,L,20,L,47,27
GQ3_1,8,7,CADE,o,L,28,L,57,29
GQ2_1,16,13,CADE,o,L,16,L,45,29
GQ10_1,4,13,CADE,o,L,20.5,L,50,29.5
GQ3_2,12,14,CADE,c,L,26.5,L,56,29.5
GQ3_2,5,15,CADE,o,L,28.5,L,58,29.5
GQ10_1,12,18,CADE,o,L,23,L,53,30
GQ8_1,2,8,CADE,c,L,16,L,46,30
GQ2_1,7,10,CADE,o,L,22,L,52,30
GQ2_2,15,8,CADE,o,L,18,L,48,30
GQ2_2,3,16,CADE,c,L,19,L,49,30
GQ8_1,9,11,CADE,o,L,22.5,L,53,30.5
GQ10_2,5,9,CADE,c,L,15,L,46,31
GQ8_1,7,3,CADE,o,L,20,L,51,31
GQ2_2,6,6,CADE,o,L,30.5,L,62,31.5
GQ10_1,13,3,CADE,c,L,18,L,50,32
GQ10_1,3,4,CADE,c,L,20,L,52,32
GQ2_2,8,4,CADE,c,L,15,L,47,32
GQ10_2,13,9,CADE,o,L,17.1,L,50,32.9
GQ10_1,9,14,CADE,o,L,23,L,56,33
GQ2_2,9,9,CADE,c,L,34,L,67,33
GQ10_1,1,11,CADE,c,L,26.5,L,60,33.5
GQ3_2,8,17,CADE,c,L,34,L,68,34
GQ3_1,10,7,CADE,c,L,8,L,42,34
GQ2_2,3,19,CADE,o,L,16.5,L,51,34.5
GQ8_2,12,3,CADE,c,L,28,L,63,35
GQ3_2,11,9,CADE,c,L,15,L,50,35
GQ3_2,16,15,CADE,c,L,23,L,59,36
GQ2_1,16,12,CADE,o,L,16.8,L,53,36.2
GQ10_2,10,13,CADE,c,L,21,L,58,37
GQ8_2,12,11,CADE,o,L,25,L,62,37
GQ3_1,15,5,CADE,o,L,22,L,59,37
GQ3_1,14,15,CADE,o,L,20,L,57,37
GQ2_2,9,10,CADE,c,L,29,L,66,37
GQ8_2,12,5,CADE,c,V,20,L,57,37
GQ2_1,15,15,CADE,o,L,22.2,L,60,37.8
GQ10_1,17,6,CADE,o,L,31,L,69,38
GQ3_2,10,17,CADE,o,L,17,L,55,38
GQ2_2,12,18,CADE,c,L,22,L,60,38
GQ8_1,11,1,CADE,o,L,27,L,66,39
GQ8_1,2,9,CADE,c,L,15,L,54,39
GQ8_1,9,16,CADE,c,L,21,L,60,39
GQ3_2,14,13,CADE,c,L,16,L,55,39
GQ3_2,4,14,CADE,c,L,7,L,46,39
GQ2_1,3,11,CADE,c,L,14,L,53,39
GQ10_2,3,15,CADE,o,V,16.8,L,56,39.2
GQ8_1,6,2,CADE,c,L,20,L,59.5,39.5
GQ10_1,10,4,CADE,o,L,27,L,67,40
GQ10_1,10,10,CADE,c,L,21,L,61,40
GQ10_2,2,12,CADE,c,L,20,L,60,40
GQ3_1,4,4,CADE,c,L,18,L,58,40
GQ3_1,6,14,CADE,c,L,20,L,60,40
GQ10_2,7,6,CADE,c,L,17,L,58,41
GQ2_1,9,8,CADE,o,L,18,L,59,41
GQ2_2,9,18,CADE,o,L,17,L,58,41
GQ10_2,12,14,CADE,o,L,32,L,74,42
GQ8_2,6,16,CADE,o,L,8,L,50,42
GQ3_1,13,4,CADE,o,L,27,L,69,42
GQ2_2,5,15,CADE,o,L,28,L,70,42
GQ3_2,13,2,CADE,o,L,11.6,L,54,42.4
GQ10_2,2,11,CADE,c,L,13,L,56,43
GQ8_2,15,10,CADE,o,L,20,L,63,43
GQ8_1,16,14,CADE,o,L,23,L,66,43
GQ3_1,13,0,CADE,o,L,11,L,54,43
GQ3_2,2,12,CADE,c,L,35.5,L,79,43.5
GQ3_2,6,4,CADE,o,L,22,L,66,44
GQ2_2,8,16,CADE,o,V,20,L,64,44
GQ10_1,6,14,CADE,c,L,18.5,L,63,44.5
GQ3_2,5,12,CADE,c,L,17.5,L,62,44.5
GQ8_1,14,7,CADE,c,L,14,L,59,45
GQ3_1,15,0,CADE,o,L,17,L,62,45
GQ3_2,5,13,CADE,o,L,17.4,L,63,45.6
GQ10_1,12,16,CADE,c,L,25,L,71,46
GQ3_2,9,8,CADE,o,L,38,L,84,46
GQ10_2,9,12,CADE,o,L,21,L,68,47
GQ3_1,11,4,CADE,c,L,20,L,67,47
GQ8_1,8,4,CADE,c,L,27,L,75,48
GQ3_1,16,3,CADE,c,L,22,L,70,48
GQ2_1,17,10,CADE,c,L,22,L,70,48
GQ2_2,10,11,CADE,c,L,8,L,56,48
GQ10_2,6,9,CADE,o,L,23.2,L,72,48.8
GQ8_1,8,12,CADE,c,L,31.2,L,81,49.8
GQ3_1,14,8,CADE,c,L,19,L,69,50
GQ2_1,5,8,CADE,c,L,21,L,71,50
GQ2_1,6,10,CADE,c,L,20,L,70,50
GQ8_2,7,7,CADE,c,L,18.5,L,69,50.5
GQ10_2,16,7,CADE,c,L,27,L,78,51
GQ2_2,5,1,CADE,c,L,15,L,66,51
GQ10_1,9,3,CADE,o,L,25,L,77,52
GQ3_1,6,13,CADE,c,L,7,L,59,52
GQ2_1,4,13,CADE,c,L,18,L,70,52
GQ8_1,1,9,CADE,c,L,21,L,74,53
GQ2_2,4,16,CADE,c,L,15,L,68,53
GQ2_2,7,17,CADE,c,L,17,L,70,53
GQ10_1,3,14,CADE,c,L,19,L,73,54
GQ3_2,7,15,CADE,c,L,17,L,71,54
GQ2_1,13,8,CADE,c,L,23.5,L,78,54.5
GQ10_1,13,15,CADE,o,,,L,55,55
GQ8_1,12,15,CADE,c,L,16,L,72,56
GQ2_1,18,13,CADE,c,L,11.5,L,68,56.5
GQ10_2,9,2,CADE,c,L,22,L,79,57
GQ8_2,9,5,CADE,c,L,28,L,85,57
GQ3_2,14,7,CADE,c,L,19,L,76,57
GQ2_2,11,15,CADE,o,L,22.6,L,80,57.4
GQ8_2,14,12,CADE,o,L,26,L,83.5,57.5
GQ10_2,4,15,CADE,c,L,24,L,83,59
GQ10_2,11,12,CADE,o,L,33,L,92,59
GQ3_1,4,6,CADE,o,L,41,L,100,59
GQ10_1,10,3,CADE,c,L,32,L,94,62
GQ8_1,9,12,CADE,c,L,38,L,100,62
GQ2_2,8,18,CADE,o,L,21.4,L,84,62.6
GQ2_2,13,16,CADE,c,L,20,L,83,63
GQ8_1,1,11,CADE,c,L,28.5,L,93,64.5
GQ2_2,8,2,CADE,c,L,29.5,L,94,64.5
GQ2_1,10,16,CADE,c,L,24,L,89,65
GQ10_1,6,2,CADE,c,L,32,L,98,66
GQ2_2,14,12,CADE,o,L,22,L,88,66
GQ8_1,12,2,CADE,c,L,22,L,89,67
GQ3_1,12,10,CADE,o,L,18,L,86,68
GQ8_2,12,16,CADE,o,L,33,L,102,69
GQ3_1,8,6,CADE,c,L,41,L,110,69
GQ3_1,14,10,CADE,c,L,21,L,90,69
GQ10_2,9,11,CADE,c,L,42.2,L,112,69.8
GQ8_2,13,9,CADE,c,L,43,L,113,70
GQ2_2,6,17,CADE,o,L,26,L,97,71
GQ2_2,17,9,CADE,o,L,21,L,93,72
GQ3_2,8,3,CADE,c,L,20,L,93,73
GQ2_1,14,16,CADE,o,L,17,L,90,73
GQ2_2,12,10,CADE,o,L,23,L,96,73
GQ2_1,14,13,CADE,c,L,29.2,L,103,73.8
GQ10_2,16,13,CADE,o,L,38,L,112,74
GQ10_2,5,5,CADE,c,L,23.4,L,100,76.6
GQ2_2,3,12,CADE,o,L,43,L,120,77
GQ2_1,9,14,CADE,c,L,24.5,L,103,78.5
GQ10_2,4,12,CADE,o,L,26,L,105,79
GQ10_1,10,9,CADE,o,L,27,L,109,82
GQ3_2,3,10,CADE,c,L,30,L,114,84
GQ2_2,6,4,CADE,c,L,22,L,106,84
GQ8_2,5,11,CADE,c,L,25,L,112,87
GQ8_2,6,11,CADE,c,L,25,L,112,87
GQ3_1,11,9,CADE,o,L,28,L,115,87
GQ10_2,13,11,CADE,o,L,30,L,148,118
GQ8_2,13,11,CADE,o,L,34,L,180,146
GQ8_1,16,8,CADE,o,L,12,MIA,,-12
GQ3_1,3,14,CADE,o,L,13.5,V,13,0
GQ8_2,16,11,CADE,c,V,15,V,15,0
GQ3_1,10,10,CADE,c,L,7,V,10,3
GQ3_1,6,17,CADE,c,L,16,V,20,4
GQ3_2,18,8,CADE,o,L,20.2,V,25,4.8
GQ10_2,9,16,CADE,c,L,24,V,30,6
GQ8_2,10,2,CADE,o,L,17,V,23,6
GQ2_2,11,11,CADE,o,L,19,V,27,8
GQ3_2,15,2,CADE,o,V,8.4,V,22,13.6
GQ8_2,16,10,CADE,c,L,27,V,41,14
GQ8_2,8,2,CADE,c,L,19,V,40,21
GQ8_2,14,15,CADE,c,L,29,V,50,21
GQ2_1,5,4,CADE,c,L,15,V,36,21
GQ8_2,10,18,CADE,c,L,27,V,84,57
GQ10_1,12,3,CACO,c,L,31,D,,-31
GQ10_2,15,7,CACO,o,L,26,D,,-26
GQ10_2,15,4,CACO,o,L,21,D,,-21
GQ3_1,1,12,CACO,c,L,21,D,,-21
GQ8_2,13,17,CACO,o,L,20,D,,-20
GQ2_1,3,4,CACO,c,L,20,D,,-20
GQ10_1,5,8,CACO,o,L,19.5,D,,-19.5
GQ10_1,4,9,CACO,o,L,15,D,,-15
GQ10_2,9,6,CACO,c,L,14,D,,-14
GQ10_1,9,11,CACO,c,L,12.5,D,,-12.5
GQ8_1,6,17,CACO,c,V,11,D,,-11
GQ2_1,15,10,CACO,o,L,7,D,,-7
GQ2_1,3,13,CACO,o,L,7,D,,-7
GQ8_2,10,1,CACO,c,L,14,D,10,-4
GQ2_1,7,6,CACO,o,,,D,,0
GQ2_1,8,7,CACO,c,,,D,,0
GQ2_1,14,6,CACO,o,L,37.5,L,21,0
GQ2_1,3,14,CACO,c,V,20.4,L,4,0
GQ2_2,14,6,CACO,o,L,28,L,15,0
GQ2_1,17,9,CACO,o,L,30,L,19,0
GQ2_1,5,14,CACO,o,L,26,L,15,0
GQ2_2,11,1,CACO,o,L,32,L,21,0
GQ2_1,12,1,CACO,c,L,19,L,11,0
GQ8_1,14,5,CACO,c,L,24,L,18,0
GQ3_2,13,17,CACO,o,L,17,L,11,0
GQ2_1,13,6,CACO,o,L,26.5,L,21,0
GQ2_2,7,6,CACO,c,L,27,L,22,0
GQ2_1,14,2,CACO,c,L,28,L,24,0
GQ3_1,4,11,CACO,c,L,23.5,L,20,0
GQ8_2,11,2,CACO,o,L,23,L,20,0
GQ3_1,8,4,CACO,o,L,28,L,25,0
GQ3_1,5,12,CACO,c,L,20,L,17,0
GQ8_1,13,15,CACO,o,V,15.8,L,13,0
GQ8_2,11,1,CACO,o,L,14,L,12,0
GQ8_1,14,16,CACO,o,L,22,L,20,0
GQ3_1,3,9,CACO,o,L,19,L,17,0
GQ2_1,5,15,CACO,c,L,23,L,21,0
GQ3_2,17,11,CACO,o,L,11,L,10,0
GQ2_1,6,3,CACO,o,L,26,L,25,0
GQ2_1,2,7,CACO,o,L,10,L,9,0
GQ2_1,3,12,CACO,c,L,21,L,20,0
GQ10_1,15,4,CACO,o,L,18,L,18,0
GQ10_2,16,12,CACO,c,L,30,L,30,0
GQ2_1,9,3,CACO,c,L,16,L,16,0
GQ2_1,2,12,CACO,o,L,26.5,L,27,0.5
GQ2_2,2,19,CACO,c,V,16.5,L,17,0.5
GQ2_1,1,15,CACO,o,L,20.4,L,21,0.6
GQ8_1,5,3,CACO,o,L,18,L,19,1
GQ3_2,16,6,CACO,c,L,22,L,23,1
GQ3_1,8,16,CACO,o,L,20,L,21,1
GQ2_1,11,3,CACO,o,L,25,L,26,1
GQ2_1,11,9,CACO,c,L,25,L,26,1
GQ2_1,2,11,CACO,o,L,14,L,15,1
GQ3_2,3,9,CACO,c,V,31,L,32,1
GQ2_1,11,14,CACO,c,L,22.5,L,24,1.5
GQ10_2,16,8,CACO,c,L,18,L,20,2
GQ8_2,14,8,CACO,c,L,23,L,25,2
GQ8_2,1,8,CACO,o,L,22,L,24,2
GQ8_1,11,2,CACO,o,L,16,L,18,2
GQ8_1,10,9,CACO,o,L,20,L,22,2
GQ3_1,8,9,CACO,o,L,24,L,26,2
GQ3_1,4,10,CACO,o,L,20,L,22,2
GQ3_1,8,17,CACO,o,L,20,L,22,2
GQ3_1,7,18,CACO,o,L,14,L,16,2
GQ2_1,8,18,CACO,o,L,19,L,21,2
GQ8_1,4,14,CACO,c,V,20,L,22,2
GQ8_1,15,15,CACO,o,L,18.5,L,21,2.5
GQ2_1,4,12,CACO,c,L,28.4,L,31,2.6
GQ8_1,14,15,CACO,c,L,25,L,28,3
GQ3_2,16,9,CACO,c,L,20,L,23,3
GQ2_1,10,2,CACO,o,L,21,L,24,3
GQ8_2,10,16,CACO,c,L,11,L,14.5,3.5
GQ2_1,9,12,CACO,c,L,18.5,L,22,3.5
GQ8_1,5,6,CACO,c,L,8,L,12,4
GQ3_1,7,16,CACO,o,L,14,L,18,4
GQ2_1,13,14,CACO,o,L,21,L,25,4
GQ3_2,1,11,CACO,c,V,5,L,9,4
GQ3_2,14,10,CACO,c,L,20.8,L,25,4.2
GQ8_1,6,11,CACO,c,L,15.6,L,20,4.4
GQ8_1,17,13,CACO,o,L,15.6,L,20,4.4
GQ10_2,4,10,CACO,c,L,16,L,21,5
GQ10_2,12,4,CACO,o,L,27,L,32,5
GQ8_1,3,13,CACO,o,L,22,L,27,5
GQ3_2,7,6,CACO,o,L,24,L,29,5
GQ2_1,10,1,CACO,o,L,18,L,23,5
GQ2_2,14,10,CACO,o,L,7,L,12,5
GQ2_2,6,13,CACO,o,L,17,L,22,5
GQ8_1,8,1,CACO,c,V,21,L,26,5
GQ3_2,15,12,CACO,o,L,11.6,L,17,5.4
GQ10_1,1,9,CACO,c,L,25,L,31,6
GQ10_1,15,13,CACO,c,L,12,L,18,6
GQ10_1,15,14,CACO,o,L,15,L,21,6
GQ3_2,15,7,CACO,o,L,14,L,20,6
GQ3_2,2,8,CACO,c,L,13,L,19,6
GQ3_1,15,10,CACO,c,L,23,L,29,6
GQ2_1,3,10,CACO,o,L,4,L,10,6
GQ3_2,7,17,CACO,c,V,20,L,26,6
GQ3_2,3,12,CACO,o,L,22.6,L,29,6.4
GQ10_2,15,5,CACO,c,L,21,L,28,7
GQ8_1,3,6,CACO,o,L,20,L,27,7
GQ3_1,10,5,CACO,c,L,25,L,32,7
GQ3_1,8,15,CACO,o,L,8,L,15,7
GQ2_2,5,2,CACO,o,L,13.5,L,21,7.5
GQ10_1,15,3,CACO,o,L,16,L,24,8
GQ10_1,15,7,CACO,o,L,12,L,20,8
GQ8_2,9,9,CACO,c,L,17,L,25,8
GQ8_2,14,9,CACO,o,L,18,L,26,8
GQ3_2,15,5,CACO,c,L,16,L,24,8
GQ3_2,9,18,CACO,c,L,21,L,29,8
GQ3_1,15,7,CACO,o,L,11,L,19,8
GQ10_1,10,17,CACO,c,V,17,L,25,8
GQ10_1,1,10,CACO,o,L,19.5,L,28,8.5
GQ2_2,12,16,CACO,o,L,13.5,L,22,8.5
GQ10_2,14,3,CACO,c,L,23,L,32,9
GQ3_2,11,6,CACO,o,L,17,L,26,9
GQ2_2,6,18,CACO,o,L,24,L,33,9
GQ8_2,18,6,CACO,o,L,22,L,32,10
GQ3_2,6,3,CACO,o,L,17,L,27,10
GQ3_2,13,14,CACO,o,L,21,L,31,10
GQ3_1,1,7,CACO,c,L,19,L,29,10
GQ3_1,7,15,CACO,o,L,24,L,34,10
GQ2_1,15,9,CACO,c,L,11,L,21,10
GQ2_2,5,18,CACO,o,L,20,L,30,10
GQ10_2,9,14,CACO,o,L,19.3,L,30,10.7
GQ10_1,8,5,CACO,c,L,24,L,35,11
GQ8_2,6,3,CACO,c,L,19,L,30,11
GQ3_2,15,3,CACO,o,L,19,L,30,11
GQ3_2,15,6,CACO,c,L,22,L,33,11
GQ3_2,11,15,CACO,c,L,28,L,39,11
GQ10_2,2,13,CACO,o,L,11.7,L,23,11.3
GQ8_1,14,17,CACO,o,L,11.5,L,23,11.5
GQ10_2,8,16,CACO,o,L,19,L,31,12
GQ3_2,11,12,CACO,c,L,7,L,19,12
GQ2_2,9,2,CACO,o,L,26,L,38,12
GQ2_2,4,9,CACO,o,L,16,L,28,12
GQ10_1,12,1,CACO,c,L,17.8,L,30,12.2
GQ10_1,10,18,CACO,c,L,14,L,27,13
GQ8_2,6,17,CACO,c,L,10,L,23,13
GQ2_1,16,10,CACO,c,L,17,L,30,13
GQ2_1,18,11,CACO,o,L,7,L,20,13
GQ2_1,15,7,CACO,c,L,24.5,L,38,13.5
GQ8_1,13,6,CACO,o,L,14,L,28,14
GQ8_1,17,10,CACO,o,L,24,L,38,14
GQ3_2,10,18,CACO,o,L,22,L,36,14
GQ3_1,11,3,CACO,c,L,23,L,37,14
GQ3_1,14,13,CACO,o,L,23,L,37,14
GQ2_2,1,12,CACO,o,L,23,L,37,14
GQ2_2,6,14,CACO,o,L,20,L,34,14
GQ10_2,10,15,CACO,o,L,15.5,L,30,14.5
GQ8_2,5,5,CACO,c,V,16.5,L,31,14.5
GQ10_2,17,10,CACO,c,L,14,L,29,15
GQ2_1,11,17,CACO,o,L,16,L,31,15
GQ8_1,10,16,CACO,o,L,11.5,L,27,15.5
GQ8_1,7,2,CACO,c,L,24,L,40,16
GQ10_2,5,12,CACO,c,L,19.8,L,36,16.2
GQ10_2,7,2,CACO,o,L,25,L,42,17
GQ10_2,9,18,CACO,c,L,12,L,29,17
GQ8_2,6,7,CACO,c,L,23,L,40,17
GQ8_2,9,12,CACO,c,L,18,L,35,17
GQ3_2,3,6,CACO,o,L,23,L,40,17
GQ8_1,16,6,CACO,c,L,14,L,32,18
GQ8_1,10,11,CACO,c,L,14,L,32,18
GQ3_2,5,17,CACO,c,L,20,L,38,18
GQ3_1,17,7,CACO,c,L,14,L,32,18
GQ2_2,8,3,CACO,c,L,24,L,42,18
GQ8_1,8,14,CACO,c,L,17.2,L,36,18.8
GQ10_1,13,9,CACO,o,L,13,L,32,19
GQ10_1,18,10,CACO,o,L,11,L,30,19
GQ8_2,9,16,CACO,c,L,22,L,41,19
GQ8_2,9,17,CACO,c,L,13,L,32,19
GQ3_1,15,8,CACO,c,L,23,L,42,19
GQ2_2,7,7,CACO,c,L,18,L,37,19
GQ10_1,15,10,CACO,c,V,15,L,34,19
GQ10_1,12,9,CACO,o,L,16,L,36,20
GQ3_2,10,6,CACO,o,L,20,L,40,20
GQ3_1,8,11,CACO,c,L,15,L,35,20
GQ2_2,18,9,CACO,c,L,18,L,38,20
GQ8_2,3,5,CACO,o,L,25,L,46,21
GQ8_2,6,12,CACO,o,L,24,L,45,21
GQ2_1,12,6,CACO,c,L,20,L,41,21
GQ10_2,5,17,CACO,o,L,18,L,40,22
GQ8_2,4,6,CACO,o,L,13,L,35,22
GQ8_2,7,12,CACO,o,L,24,L,46,22
GQ2_2,10,10,CACO,c,L,18,L,40,22
GQ10_1,7,1,CACO,o,L,24,L,47,23
GQ10_1,14,11,CACO,o,L,17,L,40,23
GQ10_1,2,13,CACO,c,L,19,L,42,23
GQ3_2,6,14,CACO,o,L,29,L,52,23
GQ2_2,3,11,CACO,o,L,11,L,34,23
GQ3_1,6,7,CACO,c,V,17,L,40,23
GQ10_2,10,1,CACO,o,L,21.9,L,45,23.1
GQ2_2,14,2,CACO,o,L,12,L,36,24
GQ2_2,12,7,CACO,c,L,24,L,48,24
GQ2_2,1,14,CACO,o,L,18,L,42,24
GQ2_2,7,3,CACO,c,L,17.5,L,42,24.5
GQ10_2,4,11,CACO,o,L,28.4,L,53,24.6
GQ2_2,10,17,CACO,c,L,17.3,L,42,24.7
GQ8_1,7,1,CACO,c,L,25,L,50,25
GQ3_1,9,13,CACO,c,L,15,L,40,25
GQ10_1,11,16,CACO,o,L,25.5,L,51,25.5
GQ10_2,11,17,CACO,c,L,18,L,44,26
GQ10_2,12,15,CACO,c,L,22,L,48,26
GQ8_1,11,9,CACO,c,L,36,L,62,26
GQ8_2,12,10,CACO,c,L,26,L,53,27
GQ8_2,13,12,CACO,o,L,21,L,48,27
GQ2_2,5,12,CACO,o,L,35,L,62,27
GQ2_2,4,13,CACO,o,L,23,L,50,27
GQ10_2,6,5,CACO,o,L,35,L,63,28
GQ8_2,12,18,CACO,c,L,16,L,44,28
GQ10_2,7,12,CACO,o,L,17.5,L,46,28.5
GQ10_1,15,9,CACO,c,L,14,L,43,29
GQ8_2,7,11,CACO,o,L,38,L,67,29
GQ8_1,11,3,CACO,c,L,26,L,55,29
GQ3_1,8,2,CACO,o,L,24,L,53,29
GQ3_2,6,15,CACO,c,L,30.5,L,60,29.5
GQ10_2,2,5,CACO,o,L,29,L,59,30
GQ3_1,2,6,CACO,o,L,21,L,51,30
GQ10_2,3,13,CACO,c,L,17.4,L,48,30.6
GQ8_2,14,11,CACO,o,L,31,L,62,31
GQ2_2,13,17,CACO,o,L,34,L,65,31
GQ8_2,9,15,CACO,c,L,19,L,51,32
GQ8_1,9,5,CACO,o,L,20,L,52.5,32.5
GQ3_2,4,12,CACO,o,L,23.4,L,56,32.6
GQ8_2,7,9,CACO,o,L,21.5,L,55,33.5
GQ8_2,16,14,CACO,c,L,22,L,56,34
GQ3_2,8,6,CACO,c,L,43,L,77,34
GQ10_2,14,7,CACO,o,L,19,L,54,35
GQ2_2,5,11,CACO,c,L,19,L,54,35
GQ3_2,3,14,CACO,o,L,8,L,44.5,36.5
GQ10_1,15,12,CACO,c,L,24,L,61,37
GQ3_1,9,9,CACO,c,L,27,L,64,37
GQ3_2,9,12,CACO,c,L,38.8,L,76,37.2
GQ10_2,3,9,CACO,c,L,32,L,70,38
GQ8_2,7,13,CACO,o,L,29,L,67,38
GQ8_1,11,16,CACO,o,L,12,L,50,38
GQ3_2,3,13,CACO,c,L,21.3,L,60,38.7
GQ10_2,6,14,CACO,o,L,36,L,75,39
GQ3_1,1,8,CACO,o,L,22,L,61,39
GQ10_2,4,9,CACO,o,L,33.7,L,73,39.3
GQ3_1,5,11,CACO,c,L,32,L,72,40
GQ8_1,8,9,CACO,c,L,22,L,63,41
GQ3_2,9,6,CACO,o,L,26,L,67,41
GQ10_1,16,10,CACO,o,L,22,L,64,42
GQ2_2,5,17,CACO,o,L,19,L,61,42
GQ2_2,11,2,CACO,o,L,22,L,65,43
GQ10_1,9,6,CACO,c,L,22,L,66,44
GQ10_1,13,17,CACO,c,L,18,L,62,44
GQ10_2,1,8,CACO,c,L,33,L,77,44
GQ10_2,18,9,CACO,o,L,22,L,66,44
GQ8_1,12,5,CACO,c,L,26,L,70,44
GQ8_1,9,7,CACO,c,L,27,L,71,44
GQ2_2,11,10,CACO,c,L,23,L,67,44
GQ10_2,12,2,CACO,o,L,25,L,70,45
GQ8_2,13,4,CACO,c,L,27,L,72,45
GQ8_1,12,10,CACO,o,L,26.5,L,72,45.5
GQ10_2,8,2,CACO,o,L,33,L,79,46
GQ10_1,8,17,CACO,o,L,14,L,63,49
GQ8_2,16,9,CACO,c,L,33,L,82.5,49.5
GQ8_2,11,4,CACO,c,L,51,L,103,52
GQ3_1,6,9,CACO,o,L,36,L,88,52
GQ2_2,9,8,CACO,o,L,25,L,78,53
GQ10_1,5,7,CACO,c,L,18,L,72,54
GQ10_2,11,3,CACO,c,L,25,L,79,54
GQ3_2,6,2,CACO,c,L,29,L,83,54
GQ10_1,4,15,CACO,o,L,19,L,75,56
GQ8_1,14,11,CACO,o,L,33,L,89,56
GQ3_1,10,11,CACO,c,L,20,L,76,56
GQ2_2,15,7,CACO,c,L,24,L,80,56
GQ8_2,12,4,CACO,c,L,28,L,88,60
GQ8_1,8,5,CACO,c,L,28,L,88,60
GQ8_2,16,6,CACO,c,L,35.5,L,99,63.5
GQ10_1,11,6,CACO,o,L,22.5,L,87,64.5
GQ10_1,8,16,CACO,o,L,25.5,L,90,64.5
GQ3_2,7,4,CACO,o,L,31,L,100,69
GQ10_2,5,6,CACO,o,L,54,L,124,70
GQ10_2,5,8,CACO,c,L,23,L,94,71
GQ10_1,5,3,CACO,c,L,24,L,98,74
GQ10_1,6,4,CACO,o,L,38,L,118,80
GQ3_1,12,9,CACO,o,L,18,L,148,130
GQ8_2,18,12,CACO,o,V,12,MIA,,-12
GQ3_1,9,8,CACO,o,,,MIA,,0
GQ2_1,5,5,CACO,c,L,20,V,8,0
GQ2_1,11,6,CACO,o,L,21,V,11,0
GQ3_1,8,14,CACO,o,L,14,V,6,0
GQ10_2,7,4,CACO,c,L,14,V,11,0
GQ3_1,11,17,CACO,c,L,22,V,19,0
GQ3_1,9,18,CACO,o,L,15,V,13.5,0
GQ8_1,15,9,CACO,c,L,26,V,27,1
GQ2_2,10,19,CACO,c,L,17,V,18,1
GQ8_2,5,4,CACO,o,V,12,V,13,1
GQ10_1,5,15,CACO,o,L,23,V,26,3
GQ3_2,14,14,CACO,c,L,20,V,23,3
GQ8_1,12,16,CACO,o,L,11.8,V,15,3.2
GQ8_2,3,8,CACO,o,L,23,V,27,4
GQ3_1,10,17,CACO,c,L,19,V,23,4
GQ2_1,5,3,CACO,c,L,5,V,9,4
GQ2_2,7,18,CACO,o,L,21,V,25,4
GQ10_1,8,1,CACO,c,L,16,V,22,6
GQ3_2,15,16,CACO,o,L,25,V,32,7
GQ3_1,15,11,CACO,c,L,13,V,25,12
GQ2_2,11,17,BELE,o,L,63,D,,-63
GQ2_2,6,16,BELE,o,V,31,D,,-31
GQ10_1,2,10,BELE,c,V,28,D,,-28
GQ3_2,7,1,BELE,c,V,28,D,,-28
GQ2_2,6,7,BELE,o,L,26.5,D,,-26.5
GQ2_2,11,7,BELE,c,L,26,D,,-26
GQ8_1,1,12,BELE,c,V,26,D,,-26
GQ10_2,5,13,BELE,c,V,24.5,D,,-24.5
GQ2_1,18,12,BELE,c,L,24,D,,-24
GQ8_1,10,13,BELE,c,V,24,D,,-24
GQ2_2,2,14,BELE,o,L,42.5,D,20,-22.5
GQ3_1,12,11,BELE,c,V,18,D,,-18
GQ2_1,16,11,BELE,c,V,18,D,,-18
GQ2_1,13,15,BELE,c,L,17,D,,-17
GQ2_1,9,11,BELE,o,V,15,D,,-15
GQ3_1,5,8,BELE,o,V,10,D,,-10
GQ2_1,16,8,BELE,o,L,6.5,D,,-6.5
GQ2_1,13,16,BELE,c,L,1,D,,-1
GQ10_2,1,6,BELE,c,,,D,,0
GQ3_2,4,3,BELE,o,,,D,,0
GQ3_2,5,7,BELE,o,,,D,,0
GQ10_1,13,13,BELE,o,L,47,L,13,0
GQ2_1,15,6,BELE,c,L,65.4,L,44,0
GQ3_1,15,14,BELE,o,L,48,L,32,0
GQ8_1,3,15,BELE,c,V,32,L,16,0
GQ10_2,7,15,BELE,c,L,45,L,33,0
GQ8_2,5,2,BELE,o,L,36,L,31,0
GQ3_2,10,5,BELE,c,L,71,L,70,0
GQ2_1,1,13,BELE,o,L,29.7,L,30,0.3
GQ2_1,16,4,BELE,c,L,23,L,24,1
GQ3_1,12,17,BELE,o,L,51,L,53,2
GQ3_2,14,11,BELE,o,L,32,L,35,3
GQ2_1,16,15,BELE,o,L,21,L,25,4
GQ3_1,13,15,BELE,o,L,34.5,L,39,4.5
GQ3_2,11,4,BELE,o,L,62,L,68,6
GQ3_1,17,10,BELE,c,L,38,L,44,6
GQ3_1,15,12,BELE,c,L,55,L,61,6
GQ3_1,12,13,BELE,c,L,84,L,90,6
GQ2_1,9,1,BELE,o,L,22.5,L,29,6.5
GQ3_1,15,2,BELE,c,L,20,L,27,7
GQ2_1,1,14,BELE,c,L,42.5,L,50,7.5
GQ10_2,11,13,BELE,o,L,74,L,82,8
GQ3_2,16,14,BELE,o,L,39,L,47,8
GQ3_2,15,14,BELE,o,L,33,L,41,8
GQ3_1,13,16,BELE,c,L,46,L,54,8
GQ3_2,17,12,BELE,c,L,40.6,L,50,9.4
GQ10_2,12,8,BELE,o,L,36,L,46,10
GQ3_1,12,16,BELE,c,L,37,L,47,10
GQ3_1,10,16,BELE,c,L,35,L,45,10
GQ2_2,7,1,BELE,o,L,37.4,L,48,10.6
GQ8_1,1,10,BELE,o,V,35,L,46,11
GQ2_2,2,4,BELE,c,L,53,L,65,12
GQ3_2,14,15,BELE,o,L,44,L,57,13
GQ10_2,12,18,BELE,c,L,54.5,L,68,13.5
GQ8_2,13,3,BELE,o,L,55.5,L,69,13.5
GQ8_1,12,7,BELE,o,L,28,L,42,14
GQ8_1,4,15,BELE,c,L,16,L,30,14
GQ8_1,4,16,BELE,o,L,58,L,72,14
GQ8_1,1,7,BELE,o,L,49,L,64,15
GQ3_2,13,15,BELE,o,L,27,L,42,15
GQ8_1,7,16,BELE,c,L,75.4,L,92,16.6
GQ8_2,11,16,BELE,c,L,69,L,86,17
GQ2_1,11,18,BELE,c,L,72,L,89,17
GQ3_2,6,16,BELE,o,L,31,L,50,19
GQ3_2,13,10,BELE,c,L,67.5,L,87,19.5
GQ2_2,2,15,BELE,c,L,48.4,L,68,19.6
GQ10_2,6,17,BELE,c,L,76,L,96,20
GQ3_2,8,18,BELE,c,L,68,L,88,20
GQ3_1,13,3,BELE,c,L,24,L,44,20
GQ3_1,4,16,BELE,o,L,41,L,61,20
GQ3_2,14,2,BELE,o,L,55.5,L,76,20.5
GQ10_1,16,9,BELE,c,L,53,L,74,21
GQ2_2,16,9,BELE,c,L,52,L,74,22
GQ3_2,7,18,BELE,o,L,38.5,L,61,22.5
GQ8_1,9,1,BELE,c,L,34,L,57,23
GQ8_1,14,4,BELE,o,L,42,L,65,23
GQ3_2,13,3,BELE,c,L,36,L,60,24
GQ3_2,3,15,BELE,o,L,40,L,65,25
GQ8_1,10,1,BELE,o,L,51,L,77,26
GQ3_2,10,15,BELE,o,L,56,L,82,26
GQ2_1,11,16,BELE,o,L,51,L,77,26
GQ2_1,18,8,BELE,c,L,25.4,L,52,26.6
GQ10_1,8,2,BELE,c,L,73,L,102,29
GQ3_2,15,11,BELE,o,L,26.8,L,56,29.2
GQ8_1,11,7,BELE,c,L,80,L,110,30
GQ8_1,18,11,BELE,o,L,54,L,84,30
GQ10_1,5,11,BELE,c,V,35,L,65,30
GQ10_1,4,3,BELE,o,L,46,L,77,31
GQ3_1,14,11,BELE,c,L,26,L,57,31
GQ10_1,18,9,BELE,o,L,58,L,90,32
GQ8_1,4,13,BELE,c,L,35,L,67,32
GQ8_1,14,13,BELE,c,L,78,L,110,32
GQ3_2,9,4,BELE,c,L,72,L,105,33
GQ3_2,16,5,BELE,c,L,58,L,91,33
GQ2_1,3,9,BELE,o,L,34,L,67,33
GQ10_1,6,13,BELE,o,L,107,L,141,34
GQ8_1,4,7,BELE,c,L,66,L,100,34
GQ8_1,13,11,BELE,c,L,76,L,110,34
GQ3_1,5,13,BELE,c,L,31,L,65,34
GQ2_1,8,5,BELE,c,L,27,L,61,34
GQ8_1,8,6,BELE,c,L,28,L,63,35
GQ3_2,14,3,BELE,c,L,37,L,72,35
GQ3_2,14,8,BELE,o,L,34,L,69,35
GQ8_2,9,6,BELE,o,L,60,L,96,36
GQ8_1,2,6,BELE,c,L,47,L,83,36
GQ8_1,3,9,BELE,o,L,52,L,88,36
GQ3_1,1,9,BELE,c,L,36,L,72,36
GQ3_1,4,12,BELE,o,L,67,L,104,37
GQ8_2,4,15,BELE,c,L,67,L,105,38
GQ8_2,1,7,BELE,c,L,28.5,L,68,39.5
GQ8_1,10,5,BELE,o,L,56,L,95.5,39.5
GQ8_1,3,10,BELE,o,L,53,L,92.5,39.5
GQ3_1,9,10,BELE,o,L,71,L,112,41
GQ8_2,6,2,BELE,o,L,62,L,104,42
GQ8_2,11,9,BELE,o,L,104,L,147,43
GQ8_2,1,12,BELE,c,L,59,L,102,43
GQ3_2,15,9,BELE,c,L,55.6,L,99,43.4
GQ8_1,8,16,BELE,c,L,34.6,L,79,44.4
GQ8_1,3,4,BELE,c,L,38,L,82.5,44.5
GQ2_2,5,6,BELE,o,L,33.5,L,78,44.5
GQ3_2,4,8,BELE,c,L,41.2,L,86,44.8
GQ2_1,5,11,BELE,c,L,37,L,82,45
GQ10_1,1,12,BELE,c,L,81.5,L,127,45.5
GQ8_2,5,7,BELE,c,L,80.5,L,126,45.5
GQ8_2,11,13,BELE,c,L,44,L,90,46
GQ8_2,7,4,BELE,o,L,41.5,L,88,46.5
GQ3_1,13,11,BELE,c,L,84,L,132,48
GQ2_1,2,14,BELE,o,L,24.5,L,74,49.5
GQ3_1,3,4,BELE,o,L,47,L,97,50
GQ3_1,4,9,BELE,o,L,50,L,100,50
GQ2_2,12,1,BELE,c,L,50,L,100,50
GQ2_2,4,19,BELE,o,L,27,L,77,50
GQ2_2,2,8,BELE,c,L,81.5,L,132,50.5
GQ8_1,2,10,BELE,o,L,47.8,L,99,51.2
GQ10_1,13,4,BELE,c,L,85,L,137,52
GQ3_2,2,13,BELE,c,L,56.3,L,109,52.7
GQ3_1,11,10,BELE,o,L,47,L,100,53
GQ2_1,4,14,BELE,c,L,46,L,99,53
GQ3_1,15,6,BELE,c,L,66,L,120,54
GQ2_2,11,16,BELE,c,L,61,L,115,54
GQ8_1,4,8,BELE,c,L,18,L,72.5,54.5
GQ8_2,2,11,BELE,o,L,51,L,106,55
GQ3_2,16,8,BELE,c,L,61,L,116,55
GQ10_2,10,10,BELE,c,L,66,L,122,56
GQ2_2,14,8,BELE,c,L,24,L,80,56
GQ10_1,3,5,BELE,c,L,50.5,L,107,56.5
GQ3_1,2,7,BELE,o,L,93,L,150,57
GQ3_1,7,7,BELE,o,L,81,L,138,57
GQ10_1,15,5,BELE,c,L,72,L,130,58
GQ10_2,11,11,BELE,o,L,41,L,99,58
GQ2_2,13,3,BELE,o,L,63,L,121,58
GQ8_1,16,5,BELE,c,L,47,L,106,59
GQ2_1,5,6,BELE,c,L,79,L,138,59
GQ10_2,18,8,BELE,c,L,77,L,137,60
GQ8_1,15,12,BELE,o,L,52,L,112,60
GQ8_2,8,17,BELE,o,L,45.5,L,106,60.5
GQ10_2,4,14,BELE,o,L,74.1,L,136,61.9
GQ3_1,3,7,BELE,c,L,78.5,L,141,62.5
GQ3_1,3,6,BELE,c,L,44,L,107,63
GQ2_2,14,4,BELE,o,L,56.5,L,120,63.5
GQ10_1,4,8,BELE,o,L,53,L,117,64
GQ8_2,5,12,BELE,c,L,72,L,136,64
GQ3_1,5,9,BELE,c,L,61,L,125,64
GQ10_2,9,5,BELE,c,L,75.2,L,140,64.8
GQ10_1,8,13,BELE,o,L,110,L,176,66
GQ3_2,9,7,BELE,c,L,57,L,124,67
GQ8_2,3,11,BELE,c,L,64,L,132,68
GQ10_2,11,8,BELE,c,L,84.5,L,153,68.5
GQ3_2,13,12,BELE,c,L,51.4,L,120,68.6
GQ10_2,9,1,BELE,o,L,74.2,L,143,68.8
GQ8_2,15,6,BELE,o,L,91,L,160,69
GQ10_2,17,14,BELE,o,L,77,L,147,70
GQ10_1,9,1,BELE,c,L,74,L,146,72
GQ10_2,3,10,BELE,o,L,104,L,176,72
GQ8_2,5,16,BELE,c,L,79,L,151,72
GQ8_2,7,15,BELE,c,L,71,L,144,73
GQ3_2,6,12,BELE,c,L,62,L,135,73
GQ2_1,7,8,BELE,c,L,52,L,125.5,73.5
GQ10_1,7,2,BELE,o,L,104,L,178,74
GQ10_1,4,11,BELE,c,L,55,L,129,74
GQ10_2,9,7,BELE,c,L,46.5,L,122,75.5
GQ8_2,10,17,BELE,o,L,59,L,135,76
GQ2_2,10,15,BELE,c,L,42,L,118,76
GQ10_1,12,6,BELE,c,L,93,L,170,77
GQ10_2,2,15,BELE,c,L,61,L,138,77
GQ10_1,4,6,BELE,c,L,84,L,163,79
GQ10_2,16,10,BELE,c,L,86,L,165,79
GQ10_2,16,9,BELE,o,L,45,L,124,79
GQ10_1,8,3,BELE,c,L,62,L,143,81
GQ2_2,7,16,BELE,c,L,53,L,136,83
GQ10_2,7,3,BELE,c,L,83.5,L,170,86.5
GQ2_1,10,12,BELE,o,L,43.5,L,130,86.5
GQ10_1,6,3,BELE,c,L,63,L,150,87
GQ10_1,16,11,BELE,o,L,73,L,160,87
GQ10_2,7,9,BELE,c,L,112,L,200,88
GQ8_2,4,10,BELE,o,L,61,L,149,88
GQ10_1,3,12,BELE,o,L,61.5,L,151,89.5
GQ2_1,9,6,BELE,o,L,61.5,L,151,89.5
GQ8_2,8,5,BELE,c,L,75,L,165,90
GQ10_2,6,8,BELE,c,L,69,L,160,91
GQ8_2,16,8,BELE,c,L,85,L,176,91
GQ2_2,9,11,BELE,c,L,86,L,178,92
GQ10_2,4,16,BELE,o,L,114,L,207,93
GQ10_2,5,11,BELE,o,L,45,L,138,93
GQ10_1,3,11,BELE,o,L,86.5,L,180,93.5
GQ10_1,6,17,BELE,o,L,97,L,200,103
GQ10_1,14,16,BELE,c,L,85.5,L,190,104.5
GQ10_2,7,14,BELE,o,L,81.6,L,187,105.4
GQ10_1,14,14,BELE,o,L,84.5,L,190,105.5
GQ10_1,9,17,BELE,c,L,102,L,210,108
GQ10_2,15,10,BELE,c,L,90,L,198,108
GQ10_2,12,7,BELE,c,L,108,L,217,109
GQ3_2,1,9,BELE,o,L,86,L,195,109
GQ10_2,8,4,BELE,o,L,90.4,L,200,109.6
GQ10_1,7,17,BELE,c,L,72,L,182,110
GQ10_2,15,16,BELE,o,L,59,L,169,110
GQ10_1,4,4,BELE,c,L,86.5,L,197,110.5
GQ10_2,3,4,BELE,c,L,80,L,192,112
GQ10_2,12,17,BELE,c,L,94,L,207,113
GQ8_2,8,14,BELE,o,L,59,L,172,113
GQ8_2,12,9,BELE,c,L,80,L,197,117
GQ8_2,9,13,BELE,o,L,64,L,181,117
GQ10_1,12,8,BELE,c,L,53,L,171,118
GQ10_2,5,14,BELE,o,L,79,L,200,121
GQ10_1,5,14,BELE,o,L,76.5,L,200,123.5
GQ10_2,7,7,BELE,o,L,104.4,L,230,125.6
GQ10_2,7,17,BELE,o,L,84.1,L,220,135.9
GQ8_2,14,10,BELE,o,L,122,L,264,142
GQ10_2,1,7,BELE,o,L,119,L,265,146
GQ8_2,16,13,BELE,c,L,95,L,241,146
GQ8_2,11,11,BELE,o,L,47,MIA,,-47
GQ2_1,9,10,BELE,c,L,31,V,11,0
GQ2_2,12,19,BELE,o,L,19,V,12,0
GQ2_1,12,4,BELE,o,L,6,V,6,0
GQ3_2,18,10,BELE,c,L,41,V,45,4
GQ2_2,9,14,BELE,o,L,68.6,V,84,15.4
GQ8_1,8,13,BELE,o,L,73,V,132,59